index,rank,Protocol,Domain,Primary,Path,Num_Paths,Num_Symbol
122079,5.0,0,3,4,43,4,7
491874,4.67,0,3,5,29,3,8
326560,6.02,0,3,6,9,2,4
28928,5.51,0,3,6,20,3,6
436595,6.63,0,3,5,13,2,4
345804,3.47,0,3,14,15,1,4
186336,4.31,0,3,12,32,3,6
452586,2.53,0,3,8,7,1,4
365425,5.31,0,3,9,18,3,6
211084,3.91,0,8,7,8,2,5
12740,2.85,0,3,5,23,2,5
402640,5.25,0,2,6,26,4,9
565222,1.09,0,3,9,9,2,4
55816,3.44,0,3,13,5,2,4
234305,3.51,0,9,2,32,3,8
409023,3.55,0,3,9,22,2,5
145132,4.8,0,3,7,21,4,6
193749,5.45,0,3,10,9,2,4
199305,1.41,0,3,14,9,1,5
367379,3.05,0,3,9,8,1,3
573758,0.0,0,10,12,5,2,4
308847,5.1,0,12,4,10,2,5
405748,4.22,0,6,13,10,1,4
588170,2.06,0,6,7,5,1,4
443628,4.7,0,3,10,11,1,5
561250,0.0,0,5,7,0,0,2
64550,4.57,0,16,7,6,2,4
159718,2.93,0,3,10,24,2,6
140439,5.19,0,12,3,10,2,5
353159,10.0,1,3,8,95,6,19
509424,4.63,0,3,12,9,2,4
562120,0.0,0,11,14,0,0,2
197104,4.7,0,11,8,19,2,7
105259,2.7,0,3,10,6,2,4
4796,4.53,0,3,10,13,2,4
488774,5.31,0,3,3,25,2,5
565566,2.32,0,3,10,6,1,3
195814,4.55,0,9,3,29,3,7
7548,3.5,0,3,5,11,1,5
412127,5.11,0,3,15,9,2,4
136941,5.03,0,12,4,20,4,6
436268,5.19,0,7,6,29,1,7
566241,3.06,0,3,7,16,3,5
326392,5.58,0,9,6,26,3,7
459522,5.35,0,13,6,9,2,5
565204,0.0,0,14,6,0,0,2
516269,0.0,0,3,16,12,1,5
319573,4.65,0,3,12,9,2,3
590110,3.06,0,3,10,25,2,7
599138,0.0,0,11,8,9,1,4
281883,4.57,0,5,12,17,2,6
458651,4.27,0,3,12,15,1,4
14121,3.24,0,3,9,17,1,4
161963,2.88,0,3,10,14,1,5
359994,4.57,0,10,3,13,1,5
202174,2.64,0,3,10,12,1,4
198708,3.62,0,3,13,22,4,6
105887,4.57,0,3,12,19,2,7
123810,5.96,0,3,8,10,2,4
145176,4.57,0,3,6,17,3,5
588203,2.59,0,3,6,8,1,3
99489,4.89,0,9,3,22,2,6
185135,5.01,0,3,19,9,2,5
373749,2.57,0,6,6,14,1,6
311356,1.53,0,3,5,11,2,5
366743,4.7,0,7,3,33,3,9
102529,4.26,0,3,9,22,2,5
509363,3.3,0,3,10,12,1,4
422170,4.78,0,12,3,19,2,6
374593,2.93,0,3,9,9,1,4
76473,0.0,0,10,15,8,1,4
566103,2.3,0,3,7,4,1,4
557008,2.84,0,3,14,20,3,6
343097,4.69,0,9,4,7,2,6
137487,5.83,0,3,7,10,2,4
72163,4.82,0,13,6,10,2,6
456237,5.01,0,3,9,17,4,7
274969,3.54,0,3,10,20,2,5
181601,3.96,0,3,6,13,2,5
559635,1.34,0,3,8,8,2,5
88782,4.98,0,7,3,18,2,6
323064,4.59,0,3,18,23,2,6
126999,5.72,0,13,4,12,2,5
106047,1.66,1,2,3,100,6,22
414201,4.96,0,16,6,6,2,6
561695,3.11,0,3,8,11,2,5
505078,2.26,0,3,13,13,1,4
323852,3.13,0,3,9,12,1,4
295459,6.46,0,9,4,25,4,8
568413,0.0,0,15,5,0,0,2
241300,3.46,0,3,15,12,1,6
195552,4.83,0,3,8,14,2,5
268615,4.93,0,8,7,21,2,7
470863,2.44,0,3,11,19,2,5
290177,6.37,0,8,4,15,2,5
487071,2.84,0,3,10,9,2,4
340779,3.4,0,3,12,11,2,4
566327,0.0,0,3,13,5,2,4
169484,6.42,0,3,4,24,4,6
287417,2.77,0,3,6,19,2,6
360247,2.45,0,3,4,11,2,4
130816,4.65,0,3,5,25,2,6
268396,6.65,0,6,7,18,3,7
330478,4.28,0,3,6,15,1,5
560583,0.0,0,3,4,12,2,4
265217,3.04,0,3,17,10,1,4
578695,0.0,0,3,19,12,2,5
450668,4.63,0,3,7,19,3,6
70968,4.8,0,16,7,16,2,5
272178,3.3,0,3,12,10,2,4
376766,4.85,0,3,6,37,3,7
263732,3.64,0,6,10,18,2,6
219752,3.34,0,3,6,13,2,4
305987,4.35,0,3,7,30,3,7
482961,3.95,0,3,5,19,2,5
497522,3.52,0,10,5,9,2,4
294070,4.55,0,3,6,41,4,8
324592,4.07,0,3,4,25,3,7
61577,4.57,0,3,7,9,3,4
288281,5.44,0,3,4,12,2,4
256568,4.22,0,3,21,35,2,6
408836,6.99,0,3,3,43,5,8
294780,3.48,0,3,10,22,2,5
513088,4.64,0,6,3,14,2,5
505346,4.9,0,3,4,36,5,7
327808,4.89,0,3,7,29,2,6
173987,4.52,0,3,16,24,2,5
156495,5.01,0,3,3,11,1,4
234320,3.16,0,13,4,16,2,7
213689,3.81,0,3,7,19,2,5
434921,4.08,0,3,8,10,1,4
72669,4.98,0,3,4,19,3,5
193664,2.16,0,3,12,9,1,3
485805,4.77,0,7,6,7,2,4
23151,0.0,0,3,15,13,2,5
456172,4.23,0,8,6,8,2,4
11202,5.34,0,3,8,16,2,5
159841,4.66,0,5,7,20,2,7
153821,4.7,0,8,8,13,3,6
589466,0.0,0,2,8,0,0,3
480584,4.61,0,15,3,13,3,6
99985,5.09,0,3,10,28,2,7
200135,4.54,0,13,5,32,4,10
28114,4.72,0,3,11,27,2,4
441748,4.35,0,3,20,39,2,8
129713,4.84,0,13,4,19,3,6
248098,3.99,0,2,13,20,2,5
558544,0.0,0,3,15,7,1,5
60396,4.72,0,6,2,14,3,5
280953,4.12,0,3,10,19,2,5
174062,4.4,0,3,17,7,2,4
578629,0.0,0,3,15,0,0,2
423753,5.08,0,3,5,39,5,8
264955,4.86,0,10,5,26,3,9
137686,3.13,0,3,11,11,1,4
602453,0.0,0,3,11,0,0,2
252893,3.29,0,9,13,4,2,5
182820,5.01,0,3,6,13,3,5
581271,1.2,0,2,9,9,1,4
563424,0.0,0,3,10,6,2,4
417441,5.93,0,3,8,24,3,5
271623,4.68,0,9,5,16,2,6
103978,4.77,0,5,14,8,1,5
575586,2.53,0,3,19,11,2,7
333051,4.81,0,3,8,7,1,3
168476,5.99,0,11,9,34,2,11
346157,3.54,0,3,7,17,2,5
283948,4.47,0,3,5,30,4,7
400476,4.71,0,12,4,9,3,5
403870,4.78,0,3,12,18,1,4
575360,2.8,0,3,10,18,2,5
195372,3.52,0,3,11,21,2,5
459677,3.55,0,3,10,11,1,3
573760,0.0,0,12,5,10,1,4
98695,5.1,0,12,4,29,4,9
175207,5.12,0,15,2,12,3,5
572480,0.0,0,20,28,0,0,7
219219,2.85,0,5,5,25,3,7
558494,0.0,0,3,9,4,2,3
412330,5.63,0,3,8,22,2,4
260825,3.68,0,3,8,15,1,4
459919,3.04,1,3,10,90,4,16
147645,5.27,0,3,5,10,2,3
511397,6.87,0,10,6,23,3,6
380406,2.93,0,3,13,8,1,4
45086,4.52,0,3,10,20,2,5
423198,4.27,0,3,14,17,2,5
246949,3.53,0,3,10,22,2,5
99108,5.77,0,5,3,16,4,6
287101,6.09,0,3,9,33,7,11
330391,2.49,0,3,10,7,1,3
125795,4.89,0,3,7,29,2,6
324360,0.0,0,10,11,6,2,4
358387,2.51,0,3,5,10,2,5
184276,3.6,0,2,7,19,2,5
59611,4.86,0,3,9,15,2,4
589439,0.0,0,10,14,11,1,5
323306,5.74,0,3,9,21,3,5
348982,2.27,0,3,12,18,1,6
166119,2.93,0,3,9,13,1,4
61320,3.82,0,3,16,8,1,4
72826,4.53,0,3,10,19,2,5
113536,4.65,0,9,5,25,3,8
171260,3.2,0,3,9,23,3,6
424677,4.86,0,3,7,22,2,5
106211,4.83,0,5,2,20,2,6
255124,4.62,0,3,12,17,2,5
235162,2.49,0,4,10,6,1,3
563214,2.58,0,2,8,11,2,4
590772,2.78,0,3,15,15,2,5
139875,4.72,0,3,3,19,3,4
114476,2.78,0,3,7,14,2,5
434070,3.29,0,2,7,19,2,6
133398,5.72,0,13,4,10,2,5
269061,2.77,0,3,24,12,1,5
5554,3.81,0,3,15,11,1,3
150498,2.08,0,11,8,8,1,5
61124,4.85,0,12,5,9,2,5
103208,4.32,0,3,8,8,2,4
292219,3.91,0,3,9,15,1,5
152985,5.74,0,3,9,24,3,5
208596,6.51,0,6,3,17,2,4
223448,3.86,0,13,4,20,2,7
222073,4.23,0,8,6,8,2,4
511065,4.55,0,3,6,12,1,4
573204,3.2,0,3,5,20,3,6
589751,2.61,0,3,10,17,1,4
45133,4.64,0,3,3,14,1,4
54415,5.62,0,3,6,18,4,6
71070,2.91,0,3,16,13,1,4
347468,4.61,0,4,4,5,2,3
108528,7.93,0,9,2,33,4,8
312809,4.67,0,3,7,18,3,7
459077,5.08,0,11,4,22,3,6
138276,2.23,0,2,7,8,1,4
409157,3.61,0,10,12,10,1,4
83131,3.84,0,3,10,21,2,5
247500,5.69,0,3,3,12,2,4
31869,3.45,0,3,10,13,3,5
455655,4.71,0,5,5,18,2,5
471894,4.52,0,3,14,10,1,4
352563,4.57,0,3,13,18,2,5
80374,4.53,0,3,9,10,1,4
473138,4.57,0,7,6,19,4,7
104600,3.73,0,3,8,28,2,5
556781,2.78,0,3,8,11,4,6
577746,0.0,0,3,5,7,2,4
442998,5.13,0,7,3,19,3,7
494292,4.2,0,13,6,10,2,6
423917,3.32,0,3,9,6,1,3
279521,5.55,0,3,8,39,4,6
29937,2.77,0,3,6,9,2,3
588097,3.29,0,3,8,11,3,5
124531,2.7,0,3,12,11,1,3
404071,3.72,0,3,5,9,2,3
404962,5.64,0,3,8,16,2,4
353613,5.03,0,3,15,11,2,4
493071,4.4,0,3,13,18,2,5
62938,5.35,0,12,9,7,2,6
367218,4.81,0,6,3,11,4,6
307054,4.75,0,3,12,13,3,5
324681,5.29,0,3,3,25,2,5
155646,5.2,0,3,3,10,1,3
301384,3.65,0,3,6,15,3,5
279005,3.37,0,3,11,15,2,4
589142,0.0,0,6,8,9,1,5
339349,3.42,0,3,14,18,2,5
204637,3.68,0,3,10,17,1,6
103780,4.22,0,3,7,22,3,6
63665,2.88,0,3,7,14,2,5
334876,2.65,0,3,6,13,1,5
6714,4.57,0,10,2,5,2,5
176358,2.64,0,2,8,21,2,5
16104,3.0,0,10,7,11,3,5
40467,3.31,0,3,17,10,2,4
422790,2.98,0,14,4,36,4,9
164767,2.88,0,3,10,14,2,4
567214,3.25,0,6,15,13,2,6
102571,2.56,0,3,12,8,1,5
327376,5.51,0,3,6,19,4,7
146378,4.53,0,3,6,6,1,3
566724,1.79,0,6,3,17,2,6
69383,4.99,0,8,2,24,3,7
368298,4.99,0,3,4,30,4,8
557198,4.99,0,6,5,8,2,5
199558,3.49,0,3,11,16,2,4
173781,4.64,0,3,9,11,3,5
365789,2.68,0,3,20,5,2,4
227553,4.63,0,5,4,19,2,7
826,2.68,0,13,11,7,2,6
146118,2.83,0,3,8,18,1,6
389688,5.74,0,3,8,31,5,8
431196,4.86,0,8,6,17,2,6
211768,4.26,0,3,8,19,2,5
215403,2.14,0,2,5,17,2,5
445979,3.34,0,3,7,22,2,5
416363,5.12,0,7,7,13,2,5
493099,5.09,0,6,3,30,3,8
562491,2.88,0,6,10,18,2,6
98363,2.71,0,2,7,15,3,5
506065,5.12,0,7,7,8,2,4
289769,4.08,0,3,7,13,2,5
357423,3.33,0,3,14,8,2,4
232257,0.0,0,3,16,21,3,5
372069,4.72,0,3,8,22,2,6
381932,4.66,0,3,4,17,3,5
292407,7.89,0,10,5,29,3,6
79876,4.57,0,6,1,36,5,9
396114,2.89,0,3,8,8,3,4
385647,4.27,0,3,14,17,2,5
564435,2.39,0,3,7,7,1,3
277853,5.08,0,3,3,20,2,7
566539,0.0,0,3,16,0,0,2
104102,4.55,0,3,9,17,2,5
590347,0.0,0,17,3,0,0,3
232253,4.89,0,8,4,5,2,4
152696,4.26,0,3,8,38,2,8
102138,5.37,0,5,5,23,2,9
518101,3.61,0,9,4,15,1,6
40438,5.59,0,7,4,39,5,10
385017,4.57,0,12,4,34,4,9
9596,2.64,0,3,16,12,1,5
600535,0.0,0,128,5,0,0,11
432411,5.63,0,3,8,7,2,3
508964,4.01,0,3,17,19,1,5
61271,7.29,0,3,3,26,5,7
34792,4.31,0,3,12,19,3,5
459742,0.32,1,2,4,81,5,17
298827,4.13,0,3,7,18,2,5
347651,5.72,0,13,4,21,2,6
270549,3.5,0,3,5,11,1,5
3521,4.52,0,3,11,18,2,5
407783,2.68,0,3,6,10,1,4
137650,4.53,0,3,12,14,2,5
85986,5.06,0,8,3,27,4,8
33504,5.14,0,3,13,21,2,5
497304,3.68,0,3,10,15,1,5
559956,5.67,0,11,4,16,2,6
416286,3.98,0,15,4,25,3,6
343034,3.49,0,3,6,35,4,7
272004,4.56,0,12,5,27,4,9
484249,2.85,0,3,15,16,1,4
363307,4.99,0,3,4,30,4,8
430184,2.61,0,10,7,4,2,4
577792,0.0,0,14,13,0,0,5
590115,2.75,0,5,10,15,2,6
278513,5.59,0,3,4,21,2,5
380838,5.11,0,9,3,11,3,6
556059,3.2,0,3,8,27,3,7
46416,3.42,0,3,19,21,2,5
515434,7.26,0,3,5,52,4,9
96551,3.71,0,3,8,20,3,5
459792,3.89,1,3,12,80,5,12
213860,2.53,0,3,13,11,2,6
335363,2.56,0,3,7,12,1,3
40169,4.72,0,3,8,22,2,6
20321,5.31,0,8,7,12,2,4
601346,0.0,0,10,7,0,0,4
221352,4.28,0,3,12,11,2,3
216330,5.09,0,13,7,9,2,5
93432,2.86,0,10,8,11,1,4
162895,5.29,0,3,11,37,4,8
563330,2.6,0,2,4,6,2,4
468866,5.74,0,3,9,23,3,5
482264,4.79,0,3,5,7,2,3
281467,5.22,0,5,9,23,2,8
268636,3.2,0,3,8,22,1,5
348682,5.2,0,3,3,43,4,8
227982,3.09,0,3,4,12,1,4
97824,3.11,0,3,8,13,1,4
149566,4.38,0,6,3,20,2,7
498348,5.02,0,7,4,3,2,4
241096,3.97,0,9,4,8,2,4
296625,4.72,0,11,5,7,2,4
78115,3.5,0,3,11,21,2,5
193995,2.96,0,5,5,9,2,4
29969,3.76,0,3,13,20,3,7
487698,4.75,0,10,4,23,2,7
226732,4.9,0,9,4,38,3,9
251774,2.32,0,3,10,20,1,6
181977,6.34,0,3,3,26,2,6
73953,2.68,0,11,6,6,2,4
434314,6.56,0,3,3,31,4,7
65415,5.06,0,3,4,61,4,10
15813,4.26,0,3,5,17,3,5
127391,4.64,0,3,6,16,2,5
334898,3.3,0,3,9,22,1,6
569216,0.0,0,6,5,0,0,4
84523,2.88,0,3,6,17,1,4
602157,2.71,0,3,19,6,2,4
471654,3.76,0,3,16,9,2,4
246063,4.36,0,3,13,18,3,7
69295,5.43,0,7,3,8,2,4
45933,6.57,0,3,3,15,1,3
362209,2.68,0,3,7,18,1,6
111839,4.66,0,3,6,18,2,4
210251,3.23,0,3,12,16,2,5
393006,2.17,0,5,11,10,2,6
319649,4.9,0,12,5,8,2,5
135068,2.98,0,3,6,23,2,5
164359,4.53,0,3,9,15,1,5
425887,4.6,0,18,3,17,3,8
325270,5.07,0,7,2,45,4,9
558024,2.78,0,3,8,16,2,6
219982,4.75,0,7,7,21,2,7
104501,4.75,0,7,4,29,4,9
496142,5.28,0,3,11,15,3,5
483307,3.78,0,3,4,33,3,7
157316,3.58,0,3,6,27,4,6
76380,3.59,0,9,4,19,2,7
192515,4.79,0,13,7,22,2,5
589440,0.0,0,10,14,12,1,5
322245,3.29,0,3,9,15,2,5
556841,0.0,0,3,13,0,0,2
227792,0.0,1,3,7,85,7,17
563289,0.0,0,14,8,0,0,2
370474,4.85,0,12,2,12,3,5
394699,1.37,0,3,9,14,1,4
102915,5.26,0,7,5,9,2,4
237535,3.88,0,3,6,11,2,4
487905,4.56,0,10,7,26,3,6
492315,4.57,0,10,5,17,2,5
475120,5.11,0,5,4,20,2,6
54155,5.32,0,3,11,25,4,7
211869,3.24,0,2,8,18,2,5
82818,4.84,0,12,4,27,3,8
44422,5.74,0,3,9,18,3,5
588214,5.0,0,8,2,53,6,13
202104,4.65,0,3,11,18,3,5
565210,0.0,0,5,10,9,1,5
109665,4.35,0,13,3,20,2,8
281353,0.0,0,10,14,9,1,4
61710,2.53,0,3,11,17,2,5
342586,6.31,0,5,8,43,5,9
98516,4.84,0,3,11,9,2,3
367816,5.59,0,3,4,19,2,5
203665,2.65,0,3,7,20,4,6
143166,5.26,0,9,6,5,1,3
428470,4.54,0,9,6,7,2,4
114585,2.6,0,6,6,10,1,4
9507,2.62,0,3,7,11,1,4
573889,2.11,0,3,11,9,1,4
373024,2.7,0,3,8,16,1,4
147069,4.74,0,3,2,18,4,6
248440,2.83,0,3,10,11,2,4
594093,0.0,0,9,18,0,0,3
6382,4.64,0,3,8,22,3,6
567979,0.0,0,11,4,10,1,4
516875,4.96,0,15,7,22,4,8
348676,4.88,0,3,6,22,2,6
209120,3.95,0,3,11,14,2,4
28762,5.49,0,3,4,21,2,5
450539,3.58,0,3,6,12,2,4
417320,5.09,0,11,3,27,3,9
197873,3.37,0,12,5,15,3,6
375714,1.92,0,3,12,11,1,4
139993,4.73,0,3,5,23,4,6
210388,4.62,0,10,2,40,4,10
224538,2.59,0,3,7,12,1,5
227774,5.4,0,3,6,20,3,6
440078,4.68,0,3,19,10,2,4
478608,2.77,0,3,16,12,1,4
576959,2.03,0,2,11,5,2,4
467570,4.28,0,2,5,13,3,5
310302,5.58,0,9,6,36,4,8
203035,4.62,0,7,3,12,1,5
565917,4.61,0,2,9,9,2,4
439154,2.61,0,2,4,15,1,4
50610,5.35,0,3,11,7,2,4
558431,4.05,0,6,5,17,2,7
203913,5.44,0,6,4,28,4,8
180913,2.51,0,3,9,19,2,4
346139,4.59,0,12,4,15,3,8
347953,4.78,0,5,6,10,2,5
119395,5.15,0,10,7,17,4,7
353231,2.94,1,2,3,120,7,17
563461,0.0,0,2,6,7,1,4
63667,4.96,0,9,7,6,2,4
456512,4.53,0,3,15,12,1,4
221408,3.4,0,3,12,19,2,5
497652,1.61,0,3,9,8,2,4
199520,4.92,0,3,5,19,2,5
491312,4.74,0,3,12,13,2,3
478310,4.54,0,3,6,14,1,4
84962,4.55,0,3,6,17,3,5
212384,4.69,0,3,6,14,2,7
268137,3.84,0,3,16,12,1,5
389219,3.8,0,3,11,11,1,4
574559,2.65,0,6,6,19,3,7
461133,2.26,0,3,5,8,1,3
449244,4.2,0,3,15,15,2,5
342345,7.56,0,11,4,9,2,5
407923,2.53,0,3,10,14,2,4
241553,4.1,0,3,12,13,1,5
268180,2.47,0,10,8,9,2,4
315679,4.55,0,3,6,41,4,8
563381,3.3,0,3,13,22,3,5
131673,5.1,0,3,4,26,3,5
479958,5.72,0,13,4,24,2,7
245356,4.85,0,7,7,23,3,6
462949,6.2,0,3,7,33,4,7
258710,4.92,0,6,13,12,2,6
345051,4.99,0,3,5,14,3,5
586938,0.0,0,3,8,0,0,3
9788,2.93,0,3,8,15,3,5
448231,4.71,0,3,8,10,1,3
110286,2.48,0,3,15,12,1,5
41779,3.46,0,3,12,15,2,4
459557,0.0,1,2,3,142,9,23
572651,0.0,0,3,8,29,4,6
307456,2.53,0,3,12,8,2,4
421000,3.72,0,2,6,30,4,6
572263,3.0,0,3,10,11,1,4
357202,5.08,0,9,3,20,3,7
502605,4.6,0,3,9,17,2,4
350634,3.51,0,18,5,35,4,9
494043,2.93,0,2,5,19,2,8
462262,4.9,0,12,7,12,2,5
293743,4.8,0,14,2,26,5,9
149555,4.81,0,15,2,10,3,5
562440,1.91,0,3,8,16,2,5
345275,3.27,0,3,10,26,2,5
276543,4.71,0,3,12,20,3,5
174025,4.53,0,3,18,19,2,4
572760,2.91,0,3,7,34,4,7
38052,5.51,0,3,6,23,2,7
73364,4.75,0,6,3,22,2,6
478439,4.43,0,3,3,8,1,4
559409,0.0,0,5,9,0,0,2
403794,4.76,0,3,6,25,4,7
602533,0.0,0,14,16,0,0,2
555321,2.55,0,3,7,4,2,5
287243,5.45,0,3,10,18,2,6
339039,5.01,0,3,3,31,3,7
278444,5.63,0,3,8,21,2,4
152446,5.22,0,7,6,42,5,10
487229,4.32,0,3,13,11,2,4
451197,2.16,0,3,7,13,1,4
601764,1.42,0,3,9,14,1,4
45675,5.45,0,13,4,19,3,5
244524,5.74,0,3,9,14,3,6
116190,5.01,0,6,6,9,1,4
375797,3.69,0,3,5,29,3,6
283004,3.98,0,3,8,28,3,6
342832,5.74,0,3,9,20,3,5
141826,4.55,0,10,9,16,2,7
247817,3.54,0,3,11,21,2,5
95694,2.92,0,3,11,15,1,5
494114,4.93,0,11,8,20,4,6
49724,5.58,0,9,6,20,3,5
129779,4.58,0,3,8,9,1,4
407679,4.72,0,13,5,22,2,6
578609,0.0,0,3,16,0,0,2
393769,5.0,0,3,4,42,4,6
46603,4.54,0,3,10,9,2,4
485818,5.81,0,3,8,36,4,8
499592,4.73,0,3,12,13,3,5
162030,4.18,0,3,3,15,1,3
28979,3.22,0,3,18,19,2,5
431372,5.48,0,3,5,9,2,4
587315,3.54,0,3,12,5,2,4
349221,2.4,0,3,8,16,1,4
572879,2.92,0,3,17,13,1,4
556694,2.25,0,3,11,7,2,3
250299,4.32,0,11,3,6,2,5
459927,1.37,1,2,4,183,7,41
64760,4.77,0,3,6,54,7,12
191355,2.78,0,3,10,10,2,4
360194,4.67,0,8,4,11,3,5
492588,2.79,0,3,12,18,1,5
232568,0.0,0,3,4,12,1,4
447427,3.6,0,3,11,6,1,4
323408,2.88,0,3,7,12,2,3
21296,4.54,0,3,8,23,2,5
344951,5.12,0,7,5,13,3,5
414799,3.7,0,2,6,9,1,3
276002,3.29,0,3,4,8,2,4
377720,4.63,0,3,8,30,3,6
337551,2.32,0,3,27,10,1,3
85687,4.53,0,3,8,18,2,5
100204,3.34,0,3,11,13,3,5
482825,4.75,0,7,4,26,4,8
330400,3.85,0,3,5,25,2,5
51242,4.52,0,3,12,16,3,5
141555,5.38,0,3,15,12,2,5
565002,2.7,0,3,12,9,1,4
560867,0.0,0,3,6,18,3,6
29007,5.72,0,13,4,40,3,7
396213,4.29,0,3,8,15,1,5
558875,3.3,0,15,3,0,0,2
188802,4.23,0,3,12,21,3,6
8932,5.72,0,13,4,14,2,6
5628,4.57,0,9,4,19,2,6
407779,3.28,0,3,11,12,1,4
389,2.0,0,10,5,20,2,4
222517,4.91,0,3,8,14,2,5
223581,2.07,0,3,8,11,2,4
444699,3.56,0,2,3,32,4,7
485667,4.7,0,3,10,11,1,5
302227,4.72,0,3,9,25,2,6
7781,4.76,0,3,6,26,4,7
339258,4.48,0,3,10,13,2,4
447762,3.26,0,3,5,20,2,5
84510,5.63,0,3,8,24,2,4
478350,4.73,0,3,5,7,1,4
457820,4.62,0,3,11,9,1,4
146362,5.74,0,3,9,19,3,5
52502,4.6,0,11,4,24,3,7
556182,5.67,0,11,4,19,2,6
34418,5.65,0,3,12,15,2,5
41202,10.0,1,3,7,78,7,18
559592,3.1,0,6,4,19,2,9
110996,5.69,0,3,17,12,1,4
577258,1.32,0,3,9,11,2,6
146767,4.83,0,3,6,30,2,6
436942,4.54,0,3,12,21,2,7
566529,0.0,0,0,27,0,0,3
331350,2.26,0,3,8,12,1,4
233793,3.51,0,3,11,10,2,4
16060,4.59,0,9,5,22,4,8
568820,0.0,0,10,10,10,1,4
513514,4.61,0,3,14,12,1,4
350416,2.36,0,3,13,7,1,5
601785,2.54,0,2,6,10,1,5
114400,4.24,0,3,8,12,3,5
54217,4.6,0,3,6,16,2,5
160200,3.97,0,2,6,30,3,7
450681,1.82,0,2,4,12,1,4
369438,3.5,0,3,7,26,3,5
569807,2.12,0,3,7,11,1,4
515091,4.6,0,10,3,13,2,7
360,3.54,0,3,7,17,2,5
594589,0.0,0,3,6,13,2,5
246923,4.54,0,3,16,17,2,4
271003,5.62,0,3,3,19,2,5
513247,3.92,0,7,7,5,2,4
104336,3.56,0,3,8,12,2,4
492207,4.99,0,3,7,19,2,5
459725,4.58,0,8,2,40,3,10
463149,4.98,0,3,7,18,3,5
421259,4.64,0,3,8,26,3,6
171506,4.62,0,6,2,9,1,5
482680,4.34,0,3,12,20,2,5
478165,2.93,0,6,3,20,2,6
268659,5.28,0,3,3,19,2,5
561161,2.27,0,3,13,22,2,5
150909,1.6,0,3,11,9,1,4
445185,3.01,0,12,8,17,2,6
238364,3.37,0,6,8,11,2,5
24756,2.52,0,3,10,13,1,4
306807,4.73,0,12,8,21,2,9
88150,4.85,0,12,8,3,2,4
498969,3.19,0,3,10,22,3,4
19668,3.28,0,3,8,23,1,5
473131,4.54,0,3,14,34,3,6
275057,4.6,0,2,7,23,2,5
343060,0.0,0,3,6,17,1,4
42300,4.46,0,3,6,10,2,3
427861,4.35,0,3,15,34,3,7
515928,5.27,0,3,5,10,2,3
324011,4.91,0,14,4,13,1,4
84149,4.78,0,3,7,14,2,5
35251,4.63,0,6,5,5,1,3
109405,4.96,0,10,4,23,2,6
291466,4.83,0,3,5,10,3,5
439409,4.82,0,2,7,3,2,4
130725,5.99,0,3,5,9,1,5
37082,4.82,0,14,2,34,5,10
180669,4.6,0,7,4,10,2,5
53417,2.18,0,3,8,12,2,4
177974,4.57,0,8,4,38,4,8
225332,3.23,1,3,7,91,7,14
241794,3.85,0,3,10,21,2,5
319045,3.21,0,3,8,7,1,4
442710,4.8,0,13,4,22,2,6
372971,5.55,0,16,4,23,3,6
87914,7.89,0,10,5,22,3,5
94221,5.74,0,3,9,21,3,5
384846,4.85,0,3,6,5,1,4
336300,4.03,0,5,5,8,1,5
417703,4.53,0,3,7,10,1,3
596203,0.0,0,10,9,9,1,4
233827,2.99,0,3,13,8,1,4
30108,3.57,0,2,15,28,2,7
303758,7.24,0,3,5,33,5,8
429668,3.15,0,11,5,20,2,7
167015,3.06,0,3,18,10,2,5
396614,2.55,0,3,20,14,2,4
481189,4.64,0,3,8,28,3,6
221787,4.56,0,3,11,12,1,4
66270,2.55,0,4,9,8,2,4
573872,2.48,0,7,7,11,2,6
399971,4.53,0,5,6,12,1,4
440007,1.63,0,3,14,11,1,4
234908,3.76,0,5,6,9,1,5
488408,4.87,0,12,4,11,3,5
336889,4.53,0,3,9,9,1,4
237235,4.05,0,3,12,5,2,4
381082,7.25,0,3,3,43,4,7
594548,0.0,0,3,7,11,1,4
26789,3.69,0,9,5,14,2,5
557286,2.03,0,3,12,7,1,3
459705,5.49,0,3,9,12,2,5
28787,6.46,0,9,4,30,4,8
454666,2.31,0,3,13,15,2,6
133273,3.79,0,3,13,14,1,4
228846,4.75,0,3,7,48,4,9
437192,5.0,0,3,14,12,2,5
455853,2.63,0,3,12,18,1,5
317004,3.39,0,3,6,22,3,6
428758,2.7,0,2,9,11,1,7
127047,4.61,0,11,4,14,2,5
248459,4.56,0,11,7,23,3,7
183502,4.63,0,9,7,21,4,8
113841,4.53,0,3,15,20,2,5
316959,4.53,0,14,5,4,2,5
464283,4.65,0,3,3,12,2,4
224582,4.54,0,3,9,7,2,5
29965,4.92,0,7,4,24,4,7
514875,4.97,0,3,10,17,2,4
344689,5.38,0,3,10,11,2,4
288032,3.78,0,6,9,14,2,6
53990,1.78,0,3,7,14,1,4
262784,4.82,0,3,4,18,2,5
356344,2.39,0,4,7,17,1,6
484061,5.74,0,3,9,24,3,5
469661,2.86,0,3,8,13,1,4
352020,4.88,0,3,3,25,3,5
213012,4.29,0,3,12,15,1,4
328639,4.58,0,3,9,18,3,5
113590,0.0,0,12,7,8,1,4
80558,3.51,0,3,9,11,1,4
243694,3.92,0,8,5,4,2,4
133283,8.35,0,3,7,76,5,14
570659,0.0,0,3,6,16,2,5
558012,5.09,0,9,10,5,2,4
249043,5.88,0,3,11,17,2,5
10144,5.01,0,3,11,15,2,5
8858,4.72,0,7,4,23,3,6
339328,5.13,0,15,7,18,2,6
573012,1.32,0,2,7,8,1,5
188308,2.48,0,3,9,6,1,3
195450,5.62,0,3,3,16,2,5
387459,3.41,0,4,11,6,2,4
222704,4.85,0,9,4,29,3,6
62969,5.03,0,3,11,8,1,4
199424,4.01,0,12,5,17,3,6
566938,0.0,0,3,9,6,2,4
393868,7.89,0,10,5,30,3,5
579664,4.54,0,3,4,4,2,3
341141,7.13,0,3,14,18,2,5
368554,3.36,0,3,8,19,3,5
461952,5.73,0,7,3,28,3,9
438626,4.53,0,3,12,12,1,4
377764,3.41,0,3,7,16,1,4
463497,4.57,0,3,12,8,2,4
134143,4.3,0,3,10,10,2,4
349303,3.86,0,3,10,40,4,7
464190,4.9,0,11,3,6,2,5
66286,1.62,0,3,5,23,2,6
566634,0.0,0,50,14,0,0,9
486876,5.75,0,3,9,24,3,6
75835,4.43,0,7,6,34,5,9
419976,4.76,0,3,8,17,2,5
592621,0.0,0,9,13,0,0,3
95128,4.88,0,3,6,16,3,6
411305,3.2,0,3,10,19,2,6
156858,3.94,0,6,4,24,3,7
8314,2.9,0,3,15,5,2,4
567702,2.88,0,3,13,8,2,3
504028,7.89,0,10,5,22,3,5
422214,2.72,0,3,7,9,2,3
96472,3.09,0,3,15,10,1,5
236632,4.58,0,3,7,10,2,4
64911,4.86,0,13,2,27,3,7
598567,2.7,0,2,13,4,2,4
340949,5.08,0,9,3,15,4,7
184894,3.18,0,3,11,21,2,5
19067,2.51,0,3,15,11,2,4
487161,0.0,0,10,9,8,1,4
189233,5.81,0,12,4,19,3,5
358671,3.11,0,6,4,24,3,7
489241,4.36,0,3,13,21,1,6
144156,7.89,0,10,5,21,3,5
79488,2.73,0,3,10,12,1,4
53659,2.91,0,3,8,11,1,3
144937,2.77,0,3,8,13,1,4
562591,2.7,0,3,14,11,2,4
3821,2.9,0,3,6,9,3,5
357070,6.37,0,8,4,25,2,7
223043,4.65,0,7,3,26,3,6
440248,2.69,0,3,15,13,2,3
195315,5.18,0,10,4,19,2,5
396651,1.68,0,3,11,11,2,4
203837,3.39,0,3,18,21,2,5
319831,3.17,0,3,6,14,2,4
593494,2.33,0,2,8,4,2,4
388950,2.52,0,3,14,9,1,3
313206,3.93,0,3,11,11,1,4
557031,3.05,0,6,4,14,2,5
175234,3.43,0,8,7,6,2,4
421106,4.68,0,3,8,25,3,6
160931,4.47,0,3,5,8,2,3
557058,0.0,0,2,7,13,1,5
225511,0.0,0,3,8,14,1,4
493094,5.14,0,3,2,7,2,4
333839,2.68,0,2,4,10,1,5
68612,3.58,0,3,8,28,3,6
364057,4.69,0,6,5,5,2,4
31384,5.49,0,3,6,82,7,11
217496,0.0,0,3,14,26,1,6
559609,0.0,0,8,29,0,0,2
582571,3.11,0,3,9,16,3,6
314777,2.65,0,5,10,21,2,6
31417,1.79,0,3,17,10,2,4
11592,4.85,0,7,2,25,3,6
111899,4.91,0,2,5,19,2,5
86348,2.86,1,3,9,84,4,11
353382,3.19,0,3,6,19,2,4
514654,2.73,0,3,13,13,1,5
99147,2.51,0,5,5,13,1,4
295720,4.91,0,2,5,21,2,5
309606,4.58,0,3,7,18,2,5
252538,6.75,0,3,11,22,4,5
91468,5.03,0,11,4,22,3,6
379927,3.34,0,3,6,23,2,7
474555,5.27,0,3,9,24,1,6
327203,4.63,0,3,8,8,2,3
251211,4.6,0,11,3,17,2,6
484603,4.76,0,9,3,12,2,6
117442,4.54,0,3,8,21,3,6
287184,5.25,0,3,5,24,3,6
363460,4.95,0,3,5,25,2,5
218638,2.88,0,5,7,22,2,7
143476,2.95,0,3,8,12,1,5
609,4.97,0,2,4,19,3,5
281101,3.31,0,3,9,14,2,6
497455,4.73,0,3,14,12,1,4
498139,4.36,0,2,4,7,1,4
242606,0.0,0,10,12,9,1,4
71705,5.14,0,3,9,16,3,4
192124,2.76,0,3,14,11,1,5
161160,4.93,0,2,2,12,2,4
318025,4.55,0,3,14,17,2,7
79429,3.19,0,3,13,16,2,5
230459,3.22,0,7,4,11,1,4
84772,5.51,0,3,6,17,4,6
309492,4.64,0,6,3,14,2,5
576613,0.0,0,3,11,10,1,4
46715,4.75,0,10,7,17,3,5
266454,4.81,0,10,2,46,5,10
8584,5.55,0,3,8,33,4,6
10167,2.16,0,3,7,12,1,4
261460,5.55,0,3,8,42,4,6
280599,4.22,0,3,13,10,1,4
90956,3.56,0,3,16,26,3,6
468609,4.82,0,3,4,11,2,4
448804,4.53,0,3,15,9,1,4
324077,4.66,0,3,6,12,1,4
270209,4.38,0,3,10,18,3,5
588883,0.0,0,13,19,0,0,2
503247,1.28,0,3,7,12,1,4
483283,5.46,0,7,8,13,2,5
242870,3.07,0,3,10,17,1,4
466187,6.68,0,3,3,15,2,4
365545,4.53,0,12,9,13,2,7
81778,5.06,0,3,4,51,4,10
587833,0.0,0,11,6,10,2,5
261041,3.18,0,3,15,20,1,5
256189,3.55,0,3,9,22,2,5
214141,4.85,0,7,2,25,3,6
456391,4.88,0,3,5,15,1,5
438554,3.19,0,5,10,11,2,5
280598,4.58,0,6,3,60,5,9
433137,4.98,0,8,7,5,2,4
187269,4.31,0,3,11,9,1,3
56312,4.55,0,11,6,16,3,7
433393,2.66,0,3,8,12,2,4
358847,10.0,2,3,9,342,7,41
59228,4.64,0,3,13,12,2,4
470160,5.14,0,3,4,27,4,7
561593,3.63,0,3,11,12,2,5
489406,3.86,0,3,4,9,1,3
479246,5.72,0,13,4,10,2,5
346765,4.73,0,9,4,25,3,7
39763,4.38,0,3,10,11,2,5
331129,3.72,0,3,5,13,2,4
500151,4.76,0,7,3,16,3,5
248811,2.85,0,12,8,15,2,6
410009,3.13,0,3,8,18,2,5
266457,2.41,0,3,11,11,2,4
287391,3.86,0,3,8,5,2,3
442214,3.66,0,3,9,13,1,4
563321,3.75,0,3,8,11,1,3
517576,5.55,0,3,8,41,4,7
19829,3.29,0,3,5,7,2,3
250799,4.68,0,8,4,9,2,4
463675,4.61,0,3,3,15,2,4
580898,0.0,0,3,8,29,4,6
92141,3.85,0,3,10,9,2,4
591345,0.0,0,6,12,0,0,3
109379,2.87,0,3,7,21,2,5
226067,2.72,0,3,14,13,1,5
366009,0.0,0,3,11,10,2,4
71164,4.64,0,12,5,7,2,4
583131,2.6,0,2,6,12,2,5
452693,4.05,0,3,16,19,2,5
66598,5.3,0,3,4,26,3,6
129931,4.37,0,3,9,21,2,6
227545,5.37,0,12,8,27,3,7
316039,2.8,0,3,11,15,1,5
597524,0.0,0,4,4,0,0,2
451706,2.88,0,10,12,8,1,4
170498,2.51,0,3,16,13,2,5
578606,0.0,0,3,16,0,0,2
438760,4.95,0,3,7,5,2,3
245989,2.54,0,3,6,9,2,4
409581,4.53,0,3,12,12,1,4
240461,4.9,0,3,4,15,1,4
141604,3.54,0,3,10,26,2,5
18478,3.95,0,3,7,10,1,4
426111,5.63,0,3,8,22,2,4
71444,6.7,0,13,4,27,3,7
154473,3.8,0,3,8,12,1,4
307858,3.61,0,3,8,13,2,4
153478,3.83,0,3,12,13,1,4
189528,4.21,0,3,12,23,2,6
396586,5.54,0,3,8,30,4,7
191076,2.83,0,11,6,4,2,5
327085,4.43,0,3,6,58,5,10
337597,5.55,0,3,8,46,4,6
454959,2.63,0,11,8,11,1,5
348987,4.91,0,14,7,35,3,9
563515,0.0,0,3,10,0,0,2
238937,2.06,0,2,14,14,1,5
416378,3.39,0,2,8,10,2,4
80616,3.48,0,3,8,10,2,5
295069,2.26,1,3,6,83,3,17
306207,0.0,0,15,8,9,1,4
275802,1.12,0,5,9,9,2,5
410622,5.74,0,3,9,23,3,5
288118,4.55,0,3,8,19,3,5
213181,3.02,0,3,13,10,2,4
580379,0.0,0,3,14,6,1,5
430747,3.2,0,3,8,12,2,5
367266,4.67,0,3,3,15,2,5
208343,6.22,0,3,6,15,3,5
382541,3.17,0,3,14,12,1,4
99902,4.43,0,3,8,27,3,7
64848,5.01,0,16,2,9,2,5
10296,5.02,0,10,4,40,4,9
571845,0.0,0,29,8,0,0,4
265717,3.57,0,3,10,11,2,4
320481,4.64,0,10,7,15,2,6
514459,3.43,0,3,7,8,1,4
558250,2.54,0,3,18,16,2,5
310503,4.87,0,10,4,32,3,10
588764,0.0,0,3,15,8,1,4
24,5.29,0,3,12,16,3,4
158644,5.22,0,11,6,14,3,6
519343,5.12,0,14,5,21,4,7
391869,5.07,0,3,4,9,2,5
600624,0.0,0,8,7,0,0,2
289005,4.66,0,3,14,26,2,5
239136,4.89,0,9,8,7,2,4
160591,4.77,0,11,5,21,4,7
54530,7.89,0,10,5,28,4,7
602135,0.0,0,3,14,0,0,2
282778,4.74,0,3,14,19,2,5
594761,2.3,0,10,4,9,1,5
361364,2.6,0,3,12,11,2,4
571413,0.0,0,2,8,12,1,4
43274,5.02,0,3,4,25,4,6
489975,4.69,0,6,8,5,2,4
303726,2.18,0,3,8,11,2,4
562637,0.0,0,6,16,0,0,3
169932,3.62,0,6,4,8,1,3
346801,5.33,0,10,7,23,2,6
461346,4.02,0,3,13,13,2,6
96579,4.69,0,11,6,11,2,5
590300,2.66,0,3,11,15,2,4
232585,5.72,0,13,4,22,2,6
65453,3.67,0,3,6,12,1,4
24317,3.56,0,3,21,10,1,4
345821,4.13,0,9,4,26,2,6
507449,5.16,0,3,16,16,3,6
390125,4.12,0,3,10,17,2,5
559077,4.57,0,6,8,13,2,6
162483,4.77,0,3,12,13,2,5
506714,3.68,0,3,12,27,1,6
194613,4.67,0,9,4,24,4,7
353286,0.0,1,3,6,88,7,18
19844,4.71,0,8,3,35,3,9
391063,3.65,0,7,10,16,2,7
249274,3.24,0,3,10,12,1,4
572203,0.0,0,11,7,12,2,6
259247,2.86,1,3,9,80,4,10
354750,4.27,0,3,3,5,1,3
516530,3.18,1,3,12,77,4,14
245200,4.72,0,7,3,26,3,6
507152,5.07,0,3,5,7,2,4
242562,0.0,0,3,7,10,1,3
202226,5.33,0,3,5,25,3,6
13083,3.36,0,3,13,26,2,5
252607,4.67,0,13,9,9,2,5
566558,0.0,0,21,10,0,0,2
236580,5.74,0,3,9,23,3,5
387673,1.41,0,10,6,16,2,4
44635,4.79,0,7,3,16,2,6
143783,5.03,0,7,8,23,3,8
359108,4.31,0,3,12,31,3,6
392189,2.84,0,3,10,12,2,4
455565,4.97,0,6,3,50,6,10
155429,3.86,0,3,9,16,1,5
482190,4.53,0,6,6,5,2,4
229920,4.86,0,8,6,4,2,4
424891,5.58,0,9,6,13,3,5
54559,2.4,0,3,9,12,2,4
435566,4.56,0,3,8,17,2,6
454459,5.89,0,3,9,14,1,3
444992,3.09,0,2,19,9,2,4
282285,3.5,0,3,5,11,1,5
424581,4.67,0,3,8,17,3,5
22173,3.73,0,3,16,19,2,5
180170,5.72,0,13,4,14,3,6
449495,4.24,0,3,15,9,3,5
598929,1.87,0,3,20,15,2,5
572165,4.28,0,6,7,20,4,8
301107,3.38,0,3,12,11,1,5
132066,2.99,0,3,12,3,1,3
70790,0.0,0,10,7,10,1,4
21513,2.52,0,5,10,9,1,4
409956,5.94,0,3,12,52,4,9
419021,2.93,0,3,6,11,1,4
579269,3.22,0,3,16,14,2,5
504615,2.93,0,10,6,5,2,4
514294,2.55,0,3,13,9,2,4
478107,2.96,0,3,8,6,1,4
197843,4.7,0,8,5,16,2,6
495644,4.96,0,7,3,33,3,8
218223,2.67,0,10,11,11,1,4
105890,5.33,0,3,5,19,2,4
573215,2.83,0,2,6,21,2,6
455066,2.53,0,3,6,14,2,4
277174,3.17,0,2,8,8,2,4
582402,0.0,0,9,14,0,0,3
278991,2.75,0,3,9,25,2,6
426929,4.52,0,3,4,25,2,5
255395,3.11,0,3,9,22,4,6
431104,4.78,0,3,6,18,2,5
33009,4.43,0,3,7,21,3,6
565963,2.61,0,3,9,12,2,5
435331,0.0,0,14,8,24,2,7
196449,3.32,0,3,9,9,1,4
510570,5.01,0,8,7,14,4,6
516055,2.53,0,5,4,11,1,6
585148,2.76,0,3,16,11,2,4
45613,2.03,0,3,9,12,2,4
467268,4.59,0,3,8,21,3,6
401951,3.41,0,3,9,18,2,6
91773,2.78,0,3,14,11,1,4
476714,4.99,0,3,4,30,4,8
215371,3.31,0,3,14,20,3,5
416630,4.76,0,10,4,19,3,7
36225,0.0,0,10,9,9,1,4
94783,4.33,0,3,3,13,3,5
100432,4.56,0,3,9,30,3,5
162157,4.68,0,8,3,18,2,6
147286,4.91,0,14,7,10,2,6
32560,4.93,0,3,9,26,2,7
412914,3.97,0,13,4,15,3,6
463247,2.51,0,3,21,8,2,6
62840,2.74,0,3,8,5,2,3
125708,4.68,0,3,10,15,2,4
455391,7.27,0,3,11,23,3,4
111288,5.19,0,7,6,31,1,7
557477,1.92,0,2,7,7,2,5
141730,3.57,0,3,10,17,1,4
158410,3.57,0,3,7,15,3,4
448192,2.87,0,5,9,8,1,5
557157,0.0,0,3,14,0,0,2
362681,4.72,0,3,7,6,1,4
513736,4.27,0,3,3,11,2,3
323102,4.83,0,3,8,30,2,6
488167,3.05,0,3,16,7,1,4
435687,4.56,0,3,10,15,2,4
588604,0.0,0,2,7,0,0,2
46346,4.87,0,11,7,10,1,5
384361,4.78,0,3,10,11,2,5
511207,3.25,0,5,14,13,3,6
246635,4.88,0,3,9,22,2,5
320200,4.78,0,3,7,14,3,5
298161,4.66,0,3,14,29,2,6
350543,4.61,0,3,5,12,1,4
361095,0.52,0,3,21,11,1,4
288504,4.68,0,11,3,42,5,9
142828,3.96,0,3,3,9,2,4
213394,3.11,0,3,9,23,3,6
207109,5.74,0,3,9,19,3,5
562514,1.66,0,3,7,16,2,6
602816,2.6,0,6,5,17,2,6
474709,4.68,0,3,11,25,3,6
195305,3.76,0,3,7,23,2,5
101332,5.04,0,7,3,7,2,5
369280,3.74,0,3,5,13,1,4
93780,5.27,0,3,2,25,3,6
447900,5.65,0,11,8,11,3,5
332512,2.66,0,8,5,6,2,5
557545,0.0,0,3,11,0,0,2
584992,2.89,0,3,5,18,1,6
82278,3.72,0,5,9,23,3,6
97298,3.52,0,3,6,9,1,4
496042,1.99,0,6,16,12,1,6
209508,4.55,0,13,6,22,3,7
38960,3.63,0,3,8,13,1,4
90504,4.54,0,3,3,14,2,4
68195,3.85,0,3,10,17,2,5
35356,4.14,0,3,18,21,2,5
420474,3.37,0,3,11,6,1,4
111010,4.67,0,26,2,9,2,5
106581,3.47,0,3,6,13,2,5
587383,2.77,0,3,6,21,2,8
107650,4.82,0,14,2,26,3,8
106480,3.16,0,15,8,10,1,4
168609,3.04,0,3,22,13,1,4
215987,3.22,0,3,6,20,2,6
107008,2.55,0,3,10,17,1,4
386051,3.46,0,3,5,21,3,6
62926,5.73,0,3,13,16,3,5
164751,3.81,0,3,7,14,3,5
383087,4.63,0,3,9,8,1,4
469070,5.16,0,12,4,46,5,10
472118,3.87,0,3,15,9,1,4
386104,3.09,0,6,4,11,2,5
220629,5.69,0,3,4,27,4,7
75661,5.02,0,12,3,38,3,9
314707,3.16,0,3,13,21,2,5
398053,4.95,0,7,2,40,4,9
584722,1.22,0,3,8,4,2,4
437540,5.0,0,3,13,21,2,5
131789,4.19,0,3,9,13,2,5
483472,5.39,0,11,5,18,2,7
229981,4.25,0,3,7,7,2,3
87237,0.0,0,3,7,12,1,4
558666,0.0,0,12,31,0,0,5
360258,3.74,0,5,10,15,1,5
11687,3.9,0,9,4,29,3,8
453830,4.8,0,3,5,19,2,5
342660,2.5,0,3,9,13,1,4
316180,2.78,0,3,10,14,1,4
514322,3.46,0,2,5,17,1,6
74427,3.54,0,3,6,14,2,4
65337,3.82,0,3,23,7,2,5
475977,2.87,0,5,9,12,1,5
319928,3.95,0,3,8,21,2,5
292950,2.01,0,3,17,11,1,4
367114,3.32,0,3,11,23,1,6
108634,2.5,0,3,9,12,1,4
361409,3.6,0,3,15,18,2,4
203108,5.33,0,3,5,13,2,4
457056,3.87,0,7,5,5,2,4
219981,3.64,0,3,6,27,4,6
334311,3.07,0,3,15,12,1,4
291617,4.22,0,3,8,21,2,5
185431,5.26,0,14,6,19,3,5
567258,2.48,0,5,9,17,3,7
342917,2.77,0,3,12,7,1,3
242582,6.13,0,3,9,19,3,6
226831,2.9,0,3,11,15,3,5
201539,4.8,0,4,16,10,1,4
56057,2.73,0,3,11,6,1,4
202961,5.69,0,3,4,22,4,6
320957,1.67,0,3,16,12,1,4
225660,5.19,0,8,9,8,2,4
87495,4.27,0,3,7,14,4,6
515731,4.65,0,11,3,26,3,8
331602,3.54,0,3,8,20,3,5
455719,4.58,0,12,2,7,2,5
576401,3.24,0,3,12,9,1,4
430121,4.72,0,3,9,17,2,6
571837,3.23,0,3,7,3,1,2
342518,3.81,0,3,8,16,2,5
224527,3.08,0,3,9,7,1,4
402987,4.91,0,8,4,13,2,4
363827,3.57,0,3,11,6,1,4
393026,3.89,0,3,9,22,3,5
33674,4.21,0,3,9,14,1,5
475596,5.48,0,3,7,28,7,9
82220,7.26,0,5,3,22,3,6
451096,8.08,0,3,6,16,3,5
565927,1.16,0,4,13,6,2,4
459592,3.26,0,3,4,27,3,6
43816,7.64,0,3,9,18,2,5
472001,2.69,0,3,15,14,2,3
286473,4.99,0,3,3,18,2,5
426423,4.68,0,3,7,11,2,4
377917,5.58,0,3,9,14,2,5
179643,4.91,0,9,3,4,2,4
449983,5.02,0,3,7,19,3,5
486528,4.73,0,14,6,38,6,9
103963,3.57,0,2,6,19,3,5
3209,2.6,0,3,13,9,1,4
262408,3.34,0,3,10,13,2,6
466590,4.68,0,3,12,9,1,4
569485,0.0,0,3,17,19,2,6
160615,3.39,0,3,10,12,2,4
170162,4.62,0,3,13,4,2,4
292803,4.94,0,4,4,7,1,5
348366,4.78,0,7,3,30,3,8
591445,0.0,0,14,4,0,0,3
359606,3.6,0,3,7,13,1,4
295450,4.68,0,3,9,22,2,6
358132,5.72,0,11,2,10,2,5
479456,3.33,0,3,13,13,1,4
486610,4.37,0,5,9,17,2,6
602741,0.0,0,3,15,32,4,8
306904,3.29,0,3,11,14,1,5
507238,2.55,0,3,11,12,2,5
563702,3.34,0,5,3,20,2,6
106921,3.43,0,3,4,6,1,4
368046,4.11,0,3,15,33,2,7
583728,1.69,0,5,9,16,2,6
299960,4.6,0,3,5,21,1,5
86638,3.8,0,3,8,12,1,4
19108,4.96,0,3,11,11,3,5
79875,1.91,0,11,8,10,1,5
50455,0.0,0,3,8,9,1,4
408806,2.99,0,3,4,12,1,4
438586,2.56,0,5,10,18,2,6
494166,6.38,0,7,7,39,6,10
597673,3.29,0,3,7,4,2,3
181990,4.7,0,3,4,20,3,6
130842,2.74,0,12,7,5,2,4
245787,2.59,0,3,6,15,3,5
169014,2.39,1,2,8,78,8,17
395278,0.0,0,10,10,10,1,4
150413,4.53,0,3,7,6,2,3
53548,2.61,0,3,13,5,2,3
35204,5.37,0,3,7,4,2,4
286851,4.75,0,3,9,9,1,4
133107,4.7,0,3,5,11,2,5
63555,2.82,0,3,8,19,2,5
318897,3.49,0,3,7,23,2,5
594018,5.67,0,11,4,18,2,6
574652,0.0,0,50,6,0,0,10
458701,5.58,0,14,7,8,2,4
224231,4.1,0,3,13,16,1,4
408828,3.25,0,11,4,5,1,4
105579,3.78,0,3,11,8,1,3
456839,2.65,0,3,7,4,2,4
97541,4.53,0,3,7,6,2,3
423519,2.61,0,3,8,10,1,3
267704,3.41,0,3,7,27,3,5
394917,4.98,0,9,5,6,2,6
179376,4.6,0,8,2,53,6,12
356908,2.83,0,12,3,12,2,5
181991,2.81,0,12,6,20,2,6
2831,3.41,0,3,11,16,2,4
513579,3.76,0,3,8,14,2,6
17823,3.41,0,3,9,14,2,4
589374,2.96,0,2,16,8,2,4
351487,2.85,0,8,8,15,1,5
186177,4.88,0,10,4,27,5,10
336054,1.43,0,3,7,14,2,6
457214,4.75,0,8,3,27,3,7
454448,5.73,0,3,13,15,3,5
250703,2.88,0,3,7,14,2,5
41925,2.91,0,3,7,15,1,4
37952,3.68,0,3,9,20,2,5
186041,4.65,0,8,4,12,2,5
259603,2.93,0,3,14,6,2,4
401873,4.63,0,3,2,13,2,5
281619,3.54,0,3,25,19,2,7
378599,3.41,0,3,9,17,2,5
246230,4.0,0,3,14,9,1,4
321303,7.14,0,3,3,52,6,10
141865,5.16,0,3,12,12,1,4
402369,3.56,0,3,10,7,1,4
122740,3.22,0,3,13,14,3,5
223190,2.11,0,3,11,10,1,4
581356,0.0,0,3,16,19,3,5
260704,3.36,0,3,12,13,1,4
198131,3.72,0,3,7,23,2,5
79139,5.05,0,10,8,14,2,5
140422,3.51,0,18,5,36,4,9
232095,3.51,0,13,6,11,3,6
287944,4.63,0,3,8,8,2,3
244339,4.69,0,7,6,23,3,8
41364,3.88,0,3,7,16,2,5
571331,0.0,0,3,17,13,2,6
496151,4.54,0,5,5,17,1,6
189912,5.17,0,14,2,12,2,6
467035,4.67,0,3,6,9,1,4
434242,5.31,0,3,9,14,3,5
36493,0.0,0,3,14,26,1,6
126629,5.07,0,13,5,16,3,5
335330,2.69,0,3,12,8,2,3
85979,2.68,0,3,13,5,2,4
253968,3.76,0,3,13,12,1,4
98137,4.24,0,5,5,34,4,7
414941,5.12,0,13,5,10,2,6
585305,1.19,0,2,6,10,1,4
496410,3.92,0,3,11,14,3,5
87379,5.53,0,8,7,54,5,11
372668,5.63,0,3,9,12,2,4
575957,0.0,0,18,6,0,0,2
294235,5.29,0,7,3,35,4,8
106178,5.23,0,3,9,17,1,7
377212,3.62,0,3,11,20,2,5
132318,3.73,0,3,13,12,1,4
163638,4.14,0,10,9,12,2,4
558001,5.09,0,9,10,6,2,4
432957,1.47,0,2,4,11,1,5
586032,3.45,0,6,4,13,2,6
160872,4.68,0,8,4,9,1,3
158759,5.72,0,13,4,20,2,6
223197,3.36,0,3,15,27,3,6
159989,4.89,0,9,3,10,2,5
284232,4.55,0,6,3,9,1,5
173335,3.61,0,6,9,12,2,6
240658,4.6,0,3,8,16,3,5
111728,4.92,0,9,3,6,2,6
45735,4.84,0,6,3,12,3,5
196284,3.38,0,3,7,14,2,4
218687,10.0,1,3,7,82,5,13
7227,2.86,1,3,9,81,4,13
563667,1.28,0,3,21,0,0,2
449222,2.25,0,2,7,11,1,4
41731,4.33,0,3,7,10,2,5
392577,4.85,0,7,2,23,3,6
556458,0.0,0,21,10,0,0,2
601124,0.0,0,12,17,0,0,2
417618,2.76,0,3,14,21,1,4
146515,7.72,0,3,2,13,3,5
96687,3.39,0,3,13,16,3,5
190246,5.45,0,3,3,10,1,3
83144,2.46,0,12,4,6,2,5
463555,3.6,0,3,15,17,2,5
84350,4.64,0,3,10,16,2,6
345378,3.22,0,3,8,10,2,3
40976,3.93,0,3,3,19,2,5
587846,0.0,0,10,6,6,2,4
165506,3.72,0,15,7,10,1,4
82824,5.24,0,8,3,21,2,7
579762,0.0,0,5,15,11,1,5
570671,0.0,0,3,17,13,2,6
372020,1.33,0,2,6,11,1,5
65856,5.04,0,7,2,8,2,5
128696,5.55,0,3,9,8,2,4
76042,4.63,0,3,8,30,3,6
225966,5.58,0,6,8,20,2,6
485498,2.51,0,4,7,13,1,4
404653,4.67,0,3,8,21,2,5
439283,3.68,0,3,16,17,2,5
198365,5.18,0,8,6,24,4,8
459883,2.46,1,3,8,82,7,16
120096,5.74,0,3,9,20,3,5
456393,4.98,0,6,3,17,2,6
106022,2.91,1,3,7,339,3,100
149718,4.15,0,3,11,23,4,8
408862,4.01,0,3,12,9,1,4
11055,4.07,0,3,4,18,2,5
380728,5.86,0,9,6,12,2,4
190467,5.39,0,3,3,13,1,3
61570,4.78,0,11,7,19,3,6
256197,4.63,0,3,8,20,2,5
271813,4.71,0,10,5,17,2,5
515037,5.45,0,11,5,7,2,4
411553,4.73,0,3,7,10,1,4
203276,4.56,0,3,12,13,2,5
92570,3.81,0,3,18,19,2,5
178705,2.91,0,3,10,16,2,6
562478,0.0,0,2,6,7,1,4
228231,0.58,0,9,4,4,1,3
262315,4.91,0,3,2,30,3,7
227984,4.99,0,12,3,14,2,4
210497,4.54,0,2,10,15,1,4
403514,7.03,1,3,10,387,10,14
448335,4.05,0,3,9,21,3,6
318223,5.58,0,9,6,27,3,5
374960,4.85,0,3,7,35,5,8
105541,0.0,0,10,13,7,2,4
294173,2.52,0,3,9,9,2,3
101355,4.87,0,8,8,26,3,6
488032,4.89,0,3,10,5,2,3
434422,4.73,0,3,13,10,1,4
127473,4.75,0,3,8,18,2,5
212375,3.73,0,9,3,15,1,5
374679,2.51,0,3,15,12,2,4
183050,3.49,0,13,4,24,2,7
491143,2.55,1,6,10,87,3,16
80392,2.72,0,17,7,16,3,7
197875,3.5,0,3,7,26,3,5
378016,4.08,0,3,10,16,2,5
452170,4.62,0,12,5,5,2,4
457886,6.04,2,3,5,2074,10,372
57629,4.8,0,3,4,20,2,5
233370,3.55,0,5,16,5,2,5
269725,4.96,0,11,4,8,1,3
303128,3.37,0,3,11,24,1,6
123165,4.7,0,9,5,8,2,6
73209,5.08,0,14,7,6,2,4
388791,3.64,0,3,16,13,1,4
583724,0.0,0,3,11,5,2,4
238412,3.86,0,3,5,21,2,7
72707,4.71,0,2,5,15,2,6
139768,3.28,0,3,11,6,2,4
427860,6.77,0,3,8,37,3,10
9783,5.27,0,3,3,11,1,3
388769,2.66,0,11,8,8,2,4
183394,5.72,0,13,4,20,2,6
115834,4.98,0,3,7,5,2,4
593910,3.26,0,3,11,15,2,4
134833,4.09,0,3,15,12,1,4
74943,4.44,0,3,4,19,2,6
129975,4.77,0,7,2,12,2,6
556257,2.15,0,3,8,10,1,5
495477,1.7,0,3,11,10,2,5
380880,3.91,0,6,5,23,2,6
517578,4.8,0,5,7,9,3,6
347541,3.78,0,6,4,21,2,6
496404,2.76,0,3,8,8,2,3
516397,4.61,0,3,10,5,2,4
34251,5.58,0,7,8,12,3,5
24254,4.69,0,10,3,9,2,4
20981,2.7,0,3,10,14,1,4
392783,5.58,0,6,8,20,2,6
355988,5.65,0,5,5,19,4,6
279817,4.94,0,2,6,27,3,6
435922,3.56,0,3,7,27,3,5
28498,1.35,0,3,14,9,1,3
463845,4.61,0,3,6,14,1,4
594418,3.21,0,3,4,23,3,11
107878,3.74,0,3,10,17,1,4
589442,0.0,0,10,14,10,1,5
587270,0.0,0,21,8,0,0,2
102191,3.05,0,3,10,14,1,5
362528,4.54,0,3,12,17,3,5
129917,5.06,0,8,3,15,3,5
137808,5.55,0,3,8,39,4,6
84647,2.55,0,0,25,11,1,4
188045,4.64,0,3,9,18,3,5
395908,4.88,0,3,6,43,6,10
440662,2.9,0,5,10,9,3,6
105282,4.78,0,3,3,19,3,4
411378,0.0,0,3,7,10,1,3
375320,1.58,0,14,6,9,1,6
437420,3.07,0,3,10,10,1,4
127753,4.08,0,3,9,15,1,5
91809,3.39,0,3,5,23,2,5
168958,5.09,0,9,9,26,3,6
402468,4.9,0,3,10,33,3,7
196123,4.72,0,3,7,40,4,8
236565,3.22,0,3,11,8,1,4
265293,0.0,0,10,5,9,1,4
599643,0.0,0,3,12,0,0,2
478892,2.49,0,11,6,5,2,4
32447,3.99,0,9,3,9,2,4
144366,4.7,0,3,8,43,4,9
252775,2.93,0,5,4,15,1,5
24718,2.98,0,3,9,8,1,3
601557,2.81,0,3,15,16,2,5
272837,5.37,0,12,8,22,2,6
28851,5.74,0,3,9,22,3,5
245506,2.69,0,3,11,26,1,6
470091,3.83,0,2,9,19,4,6
372541,2.27,0,3,7,7,2,4
500330,4.2,0,3,8,11,1,4
69720,5.14,0,11,6,6,2,4
401337,1.26,0,3,11,14,1,5
353233,1.22,1,6,6,137,5,22
511699,3.3,0,3,13,19,2,5
369604,2.64,0,3,13,18,1,5
486995,4.55,0,7,6,10,1,5
246086,2.49,0,3,7,10,1,3
37842,4.53,0,12,5,17,3,5
563516,0.0,0,12,11,0,0,2
331004,3.52,0,3,9,10,2,3
320573,4.53,0,3,7,12,2,5
565401,5.67,0,11,4,23,2,6
84171,2.65,0,3,17,11,1,4
83292,5.69,0,3,4,31,4,7
395382,3.91,0,3,7,27,2,5
384059,4.53,0,3,9,24,2,5
86318,3.61,0,3,12,10,1,5
384286,3.39,0,3,12,19,2,5
489305,4.55,0,3,8,23,3,6
76636,3.49,0,3,7,15,2,5
304548,6.25,0,3,7,10,2,4
249484,2.28,0,3,10,23,2,7
62084,4.54,0,3,10,14,3,5
325063,5.58,0,3,7,9,2,4
401596,2.68,0,3,7,18,1,6
35698,5.23,0,3,8,28,3,7
59225,5.5,0,6,3,7,1,4
404412,3.07,0,3,15,11,1,4
394423,4.01,0,3,10,16,2,4
156223,5.46,0,3,13,15,2,5
45883,2.56,0,5,15,13,1,5
149857,3.92,0,3,8,20,2,5
256396,3.64,0,3,12,22,1,6
128664,4.94,0,3,7,19,3,5
490977,4.93,0,11,8,32,4,8
118710,4.87,0,3,14,12,2,4
480015,4.12,0,3,11,22,3,5
290448,5.32,2,3,5,207,7,34
171853,2.55,0,2,7,18,2,5
381875,3.3,0,3,12,5,2,4
441383,4.35,0,15,2,7,2,6
312501,4.53,0,3,11,22,2,5
383497,3.41,0,3,15,18,2,4
274763,4.63,0,9,3,18,4,7
470918,3.1,0,3,5,20,3,6
505936,4.34,0,3,8,17,2,4
248623,2.65,0,3,11,15,2,4
500495,6.01,0,8,4,9,2,4
267798,3.1,0,3,10,16,2,6
93440,3.1,0,3,16,16,2,5
133978,4.29,0,9,6,8,2,4
278992,2.65,0,3,6,15,1,4
376023,4.84,0,3,9,5,2,3
119882,2.56,0,5,10,18,2,6
204468,5.99,0,3,8,9,1,3
305646,1.21,0,3,10,10,2,4
490106,4.64,0,3,9,9,2,4
140234,4.81,0,7,3,23,3,6
568315,1.27,0,3,7,0,0,2
334667,4.22,0,3,5,21,2,5
272284,1.32,0,3,9,8,1,4
408925,2.82,0,3,7,8,2,4
236965,2.14,0,3,12,10,1,4
399251,2.89,0,3,18,26,3,5
155689,3.97,0,3,10,39,4,7
328967,8.08,0,3,6,20,3,6
353879,4.53,0,3,7,11,1,4
166077,5.24,0,3,3,23,4,6
441694,3.38,0,3,11,11,2,3
583979,0.0,0,10,12,5,2,4
515308,5.08,0,9,3,28,3,9
182199,2.8,0,3,12,16,1,5
101438,2.93,0,3,6,26,3,7
580485,0.0,0,6,18,0,0,3
170742,5.33,0,3,5,20,3,5
315382,4.74,0,7,8,5,2,4
436707,5.37,0,8,5,21,3,6
222773,4.67,0,8,5,15,2,6
233428,3.37,0,3,10,20,2,5
68847,4.05,0,3,12,13,2,6
33681,2.96,0,3,8,16,1,4
288859,3.66,0,3,4,9,1,3
587899,0.0,0,3,5,8,2,4
282919,5.74,0,3,9,23,3,5
390562,3.78,0,3,7,23,2,5
570950,0.0,0,10,10,5,2,4
208455,2.79,0,3,12,18,1,5
338563,2.34,0,3,18,11,1,4
589538,0.0,0,3,7,12,2,5
428343,2.69,0,3,15,13,2,3
206027,3.37,0,3,9,14,1,4
583883,0.0,0,11,14,0,0,3
394305,4.53,0,7,8,15,2,6
289283,2.86,0,3,10,9,1,4
453342,4.71,0,2,7,32,3,7
397341,3.27,0,3,14,20,2,5
452974,3.16,0,3,5,11,2,4
461237,3.78,0,2,7,4,2,3
601771,1.49,0,2,17,13,1,5
282049,0.0,0,3,7,14,1,4
391825,5.0,0,3,8,13,1,4
446544,3.61,0,3,14,15,1,4
430982,3.26,0,3,5,14,1,4
273,3.58,0,3,20,13,1,5
468595,2.61,0,3,5,17,1,5
460762,0.0,0,10,13,4,1,3
92488,4.56,0,3,12,10,2,4
163796,2.72,0,3,22,11,1,5
560837,4.62,0,10,3,32,3,10
197088,0.0,0,10,7,16,2,4
265038,4.54,0,3,7,12,1,5
293778,4.57,0,12,7,5,2,4
211389,4.05,0,3,15,16,2,5
443539,4.9,0,9,9,10,2,6
597726,0.0,0,2,24,0,0,3
274229,5.31,0,7,3,18,2,4
87128,5.22,0,8,4,11,2,4
372292,5.31,0,3,9,21,3,5
480928,4.62,0,3,13,18,2,5
327200,5.74,0,3,9,20,3,5
579217,0.0,0,19,4,0,0,3
240026,4.04,0,9,12,4,2,5
293314,4.65,0,12,4,16,3,5
104455,3.28,0,3,8,19,3,5
156844,5.33,0,11,6,5,2,4
499795,3.05,0,3,8,7,1,4
299927,4.58,0,9,7,3,2,4
182462,4.1,0,3,12,13,1,5
297963,2.62,0,3,8,7,1,4
178213,3.44,0,3,8,24,2,5
496029,2.72,0,3,8,18,1,3
220207,3.66,0,3,7,13,2,5
244776,5.38,0,3,3,6,2,4
460911,2.57,0,3,11,10,1,4
413505,3.71,0,14,4,35,5,10
573618,0.0,0,10,10,9,2,4
121221,2.51,0,2,3,8,1,3
599073,2.8,0,4,6,5,1,4
356982,2.1,0,3,12,17,2,5
161591,2.18,0,3,15,11,2,4
301902,4.93,0,11,8,32,4,8
487382,5.59,0,8,4,10,3,5
220870,3.85,0,3,10,24,2,4
382914,4.57,0,11,4,32,3,8
405122,5.22,0,5,9,20,2,8
249148,4.96,0,3,12,13,3,5
16035,5.7,0,3,4,29,3,8
29239,4.27,0,3,8,21,3,5
178999,5.72,0,13,4,18,2,6
41623,3.93,0,3,8,13,2,4
187259,2.65,0,3,10,13,3,5
476860,0.0,0,10,6,16,2,4
472494,3.6,0,3,7,10,1,4
576603,2.32,0,3,8,16,2,4
154372,3.52,0,3,11,21,2,5
169290,5.58,0,9,6,15,3,5
128717,4.08,0,14,2,11,3,6
247787,3.42,0,3,6,13,1,8
355401,2.62,0,3,6,15,1,5
305730,5.32,0,7,3,13,3,5
162774,3.67,0,3,8,25,2,5
82773,2.77,0,3,7,6,2,3
423401,4.25,0,3,9,9,2,4
89471,4.59,0,12,5,8,3,6
516063,3.49,0,3,13,17,2,5
319340,4.33,0,3,5,20,4,6
572029,3.13,0,2,8,12,1,5
381708,2.04,0,3,14,9,1,4
473412,3.35,0,3,17,3,2,4
27715,4.66,0,3,3,34,4,7
376857,4.66,0,3,7,19,3,6
505761,5.71,0,3,9,12,2,4
372915,4.64,0,3,4,4,2,3
557902,0.0,0,5,8,0,0,3
66026,4.73,0,3,13,14,1,4
508748,4.63,0,3,8,23,3,5
335185,3.49,0,3,9,11,2,4
222869,2.94,0,10,7,11,1,4
167369,3.36,0,3,14,9,1,2
468558,2.43,0,3,15,16,1,4
579997,2.38,0,2,9,7,2,4
102031,3.7,0,3,8,23,1,5
45393,4.53,0,3,11,16,2,5
153786,4.62,0,13,3,20,3,9
263082,4.78,0,14,2,22,3,8
229512,2.36,0,10,7,5,2,4
126140,2.66,0,10,10,9,1,4
368132,5.53,0,3,9,27,4,7
53722,4.74,0,3,13,14,1,4
302518,4.25,0,3,10,18,3,5
185840,2.77,0,2,11,14,1,5
155391,5.68,0,3,11,13,2,4
266512,5.04,0,3,5,39,4,7
487512,3.06,0,3,9,8,1,3
558426,3.01,0,3,15,13,2,5
239152,2.8,0,3,10,9,1,4
246782,4.73,0,16,6,12,3,6
385720,3.59,0,3,10,15,1,5
249342,4.98,0,9,5,13,3,7
283296,4.77,0,3,7,19,4,6
179057,5.01,0,9,3,20,4,6
160569,4.85,0,3,3,22,2,6
187869,4.21,0,3,9,12,1,5
134049,5.1,0,3,8,13,1,5
254967,3.36,0,3,9,9,1,3
289107,4.65,0,11,2,37,4,9
362647,5.19,0,14,3,16,2,7
578880,3.67,0,3,6,0,0,2
512625,3.88,0,3,8,23,1,5
573980,3.69,0,6,4,29,4,8
387961,3.76,0,7,3,9,3,5
115418,5.08,0,3,10,18,3,6
563715,0.0,0,16,8,0,0,2
488389,5.1,0,11,7,15,4,6
467385,3.05,0,3,20,13,2,6
572208,3.09,0,3,14,5,2,6
426488,2.82,0,3,7,12,2,4
13852,3.53,0,3,8,8,2,4
462953,4.21,0,3,9,20,3,5
345044,2.77,0,2,3,11,2,4
205672,3.34,0,3,12,11,1,4
234829,5.1,0,9,8,16,3,5
357225,6.3,0,12,12,12,3,5
320961,5.37,0,3,4,23,4,6
561188,3.65,0,6,3,28,5,9
276888,3.39,0,3,8,12,2,4
132740,6.38,0,7,7,6,2,4
256829,5.82,0,3,10,22,3,5
518989,4.63,0,3,6,22,2,5
572362,0.0,0,37,3,0,0,5
363110,4.99,0,3,12,22,2,7
420491,3.29,0,3,10,17,3,5
191642,4.62,0,9,3,18,2,6
95212,4.73,0,3,13,12,1,4
514829,7.15,0,3,9,14,2,5
475063,4.19,0,9,4,29,3,7
10139,3.31,0,3,7,11,2,4
412888,4.53,0,3,4,19,1,7
256326,4.56,0,5,4,12,3,5
404262,5.74,0,3,9,24,3,5
474494,3.38,0,3,9,22,1,6
403776,2.74,0,3,10,15,3,5
471680,4.8,0,12,4,20,2,7
334741,5.19,0,10,5,25,2,8
20518,3.95,0,3,9,21,2,6
114386,5.52,0,7,5,41,5,9
320103,3.69,0,3,16,13,1,4
205398,2.22,0,5,7,17,2,6
446701,4.56,0,3,5,34,3,6
104268,4.53,0,3,16,14,2,4
304011,2.36,0,3,9,21,2,5
94104,4.57,0,3,6,20,4,7
398815,0.0,0,10,10,8,2,4
96736,3.74,0,9,6,7,2,4
288918,4.84,0,3,14,21,3,6
266141,2.48,0,3,10,17,2,6
179758,4.43,0,3,8,15,2,4
223926,7.22,0,10,4,33,4,8
482691,5.69,0,3,17,10,1,4
370746,3.11,0,3,16,10,1,4
180531,5.19,0,8,9,9,2,4
94317,4.99,0,10,3,20,4,6
384137,5.21,0,6,6,7,2,4
282914,6.7,0,13,4,27,3,7
326802,5.01,0,16,2,13,3,6
83421,5.7,0,7,8,35,3,8
407323,3.61,0,3,8,20,2,5
477126,5.31,0,3,6,20,3,5
235707,2.69,0,10,4,10,1,4
202606,3.68,0,3,8,15,1,4
471473,2.76,0,3,9,11,1,4
255575,5.29,0,3,9,26,2,7
368966,3.43,0,3,12,10,1,4
402523,5.58,0,9,6,26,3,6
587379,2.67,0,3,10,20,2,5
265051,4.96,0,3,8,22,2,4
95112,5.37,0,6,3,6,2,4
474880,0.0,0,3,11,11,1,4
441153,5.38,0,9,5,16,2,5
111891,4.6,0,11,5,21,2,6
577762,0.0,0,3,5,7,2,4
244479,1.62,0,3,6,11,1,5
256680,2.61,0,3,6,8,2,3
331426,5.11,0,3,8,10,1,3
330066,4.82,0,9,8,10,1,4
495089,4.27,0,3,13,12,1,4
467643,4.6,0,10,3,17,2,7
419334,4.55,0,3,8,16,3,5
225069,5.14,0,3,10,15,2,5
333264,5.08,0,2,12,28,2,7
555185,0.0,0,11,8,9,1,4
283927,4.55,0,3,6,4,2,3
133017,3.91,0,3,9,5,1,4
49752,5.7,0,3,12,13,2,4
405311,4.8,0,3,7,14,1,5
260169,4.21,0,3,5,6,2,3
83987,3.48,0,3,9,17,2,5
139541,4.52,0,3,7,17,2,4
558455,0.0,0,8,11,0,0,2
184151,3.02,0,3,10,24,2,6
333109,3.19,0,3,12,7,1,3
182123,4.71,0,12,4,11,3,5
249764,3.81,0,3,12,5,2,3
482957,2.51,0,15,5,11,1,4
503525,4.8,0,3,11,20,2,6
171873,2.84,0,3,15,7,3,5
164978,4.66,0,3,13,18,2,5
149327,4.99,0,12,4,10,2,4
509083,4.63,0,3,4,10,2,4
41415,4.72,0,11,3,12,3,6
272347,3.28,0,3,8,7,1,4
4660,4.04,0,3,8,33,1,7
142837,6.16,0,3,10,9,1,4
465811,6.47,0,10,9,12,2,4
18107,2.58,0,3,15,12,1,4
44504,4.54,0,11,3,28,3,8
87423,5.02,0,3,16,27,2,5
435546,4.4,0,3,5,29,4,7
438767,4.66,0,3,4,26,5,8
201781,7.25,0,3,3,6,3,4
275211,2.6,0,3,6,12,2,5
82025,5.95,1,3,10,187,3,5
600613,2.38,0,3,26,16,2,8
72103,4.98,0,8,10,29,4,7
314514,2.79,0,10,6,8,2,4
344364,7.89,0,10,5,19,3,5
356539,5.04,0,3,5,40,4,7
558948,0.0,0,11,7,0,0,3
108614,5.66,0,3,9,15,2,4
17795,4.53,0,3,8,23,2,5
164034,7.24,0,3,5,34,5,8
157501,4.63,0,3,11,4,2,3
89724,2.53,0,3,6,21,2,7
107107,3.69,0,3,7,23,4,6
516668,3.46,0,3,5,25,3,7
298234,6.06,0,6,4,8,2,4
182827,4.53,0,5,5,12,4,7
159007,4.85,0,7,2,23,3,6
346466,5.92,0,3,13,65,4,12
388049,4.6,0,8,4,8,2,4
29112,4.98,0,3,7,40,3,6
389212,3.43,0,3,10,17,3,5
476369,5.38,0,9,5,28,3,6
120259,4.63,0,3,2,14,2,5
347588,3.24,0,3,6,30,2,8
430899,5.07,0,3,8,50,3,9
426893,2.55,1,6,10,99,5,21
379431,2.82,0,3,16,12,1,4
208642,5.83,0,3,7,13,2,5
366286,2.96,0,3,8,6,1,4
33029,4.64,0,3,15,26,2,5
210259,3.58,0,3,13,17,2,5
51294,4.95,0,6,3,14,2,5
574145,3.82,0,3,9,10,1,4
374163,2.7,0,3,12,11,1,3
511790,4.9,0,3,3,18,3,5
186531,3.2,0,3,13,13,2,5
394046,5.09,0,9,9,24,3,6
15180,4.82,0,7,2,23,3,6
501878,3.6,0,2,9,9,1,4
106184,4.8,0,3,9,12,2,4
186910,4.26,0,3,16,8,2,4
563750,2.69,0,3,14,12,1,4
601527,3.05,0,3,10,13,1,6
172727,3.67,0,11,8,9,2,4
593942,0.0,0,97,4,0,0,11
214219,2.12,0,3,14,16,2,5
472605,4.81,0,7,3,23,3,6
572886,0.0,0,3,8,0,0,2
418146,3.73,0,3,13,16,1,4
248945,3.01,0,3,11,6,1,4
372184,5.41,0,3,8,21,4,6
290593,3.59,0,3,10,19,2,6
179162,3.07,0,3,10,6,1,4
422571,3.97,0,3,7,26,2,6
257954,3.83,0,3,8,5,2,3
448229,2.21,0,3,10,13,1,5
398170,2.72,0,3,8,11,1,5
399613,4.53,0,3,19,3,2,4
181246,2.38,0,3,15,18,1,4
145698,5.08,0,2,4,28,4,7
316216,4.03,0,3,5,19,2,5
235191,4.52,0,3,15,15,2,5
85836,2.64,0,3,13,10,1,4
586185,3.6,0,3,10,11,2,5
515550,5.05,0,3,5,24,2,5
598512,3.03,0,3,13,11,2,5
362091,3.6,0,3,10,25,3,6
124117,5.09,0,11,2,17,2,5
577928,1.81,0,13,4,11,2,6
408607,4.04,0,9,5,16,3,5
455966,3.17,0,3,5,15,1,7
458367,4.71,0,3,9,25,2,6
377647,0.0,0,10,13,12,1,4
425931,4.34,0,3,13,15,1,4
572476,0.0,0,34,6,0,0,4
467615,5.26,0,9,6,4,1,3
582306,1.15,0,3,7,10,1,4
346312,5.2,0,3,8,46,3,11
120759,3.76,0,3,11,18,2,5
394832,4.9,0,3,3,21,3,6
219338,6.63,0,3,5,13,2,4
400421,4.88,0,3,3,18,3,5
164575,4.92,0,3,8,16,3,5
36812,4.92,0,5,5,9,1,4
386284,3.08,0,3,8,12,1,3
563630,2.13,0,2,8,7,3,5
589608,2.51,0,3,8,6,2,4
455556,4.79,0,3,9,5,2,3
282340,4.28,0,3,16,11,3,6
162052,3.69,0,6,3,11,2,5
489911,5.62,0,13,2,6,2,5
451775,3.09,0,3,10,17,2,5
87397,5.76,0,3,3,28,5,8
322704,4.71,0,3,10,27,3,5
192553,3.75,0,3,7,28,3,7
278962,4.54,0,3,6,21,2,5
362289,3.09,0,3,6,24,3,7
246520,4.76,0,3,10,5,1,3
165768,2.73,0,10,7,11,1,4
586222,0.0,0,10,12,10,2,4
465123,5.66,0,14,5,29,3,6
187372,4.95,0,3,5,10,2,4
471927,4.6,0,18,3,14,3,8
1561,4.96,0,11,4,8,1,3
97611,5.37,0,6,3,27,3,7
481870,2.47,0,3,7,7,2,4
216051,2.48,0,3,8,9,2,3
57887,3.66,0,3,7,16,2,6
117259,4.81,0,3,7,21,3,7
422775,4.64,0,10,4,11,1,6
565992,2.63,0,2,3,20,2,6
493574,6.31,0,5,8,43,5,9
434587,6.75,0,3,11,21,3,4
364308,3.94,0,3,11,21,3,5
418256,3.75,0,3,13,27,3,8
142973,2.83,0,3,8,12,2,3
277119,5.72,0,13,4,22,2,6
157703,4.6,0,10,3,21,2,6
499661,4.64,0,3,9,19,4,6
22647,3.89,0,3,11,18,2,4
105171,4.8,0,2,4,19,2,5
95814,5.08,0,15,3,18,1,6
559776,3.26,0,3,11,13,2,4
326650,3.25,0,7,6,18,3,6
566537,3.49,0,3,12,20,3,7
425771,4.4,0,3,17,13,1,4
70896,4.3,0,3,6,7,1,4
147861,6.37,0,3,14,15,2,5
15080,7.29,0,3,3,31,4,7
459362,0.0,1,3,4,79,5,17
419192,2.74,0,3,14,19,3,6
562945,0.0,0,16,13,0,0,3
40636,3.33,0,3,4,17,1,4
379083,4.58,0,3,8,25,3,6
74371,3.41,0,3,12,13,1,4
77191,4.55,0,3,7,14,3,5
375438,4.6,0,3,6,23,4,6
85338,6.28,0,9,4,6,2,4
13383,5.31,0,3,7,9,2,4
600141,0.0,0,3,14,6,1,5
353090,4.64,0,3,9,18,2,5
264895,2.98,0,3,9,8,1,3
299177,4.63,0,3,3,21,3,6
451610,5.93,0,3,8,5,1,3
23475,4.76,0,3,10,4,1,3
404613,4.68,0,3,6,9,2,4
211534,5.74,0,3,9,23,3,5
64471,3.6,0,3,7,13,1,4
82194,2.92,0,3,9,21,1,4
191803,2.9,0,10,6,11,1,4
107538,3.99,0,3,13,12,1,5
598193,0.0,0,99,3,0,0,27
574217,3.04,0,3,17,19,2,5
468426,2.49,0,14,3,15,2,7
598435,0.0,0,8,24,0,0,3
573127,3.52,0,3,6,15,3,5
76486,2.66,0,3,16,8,2,4
82529,4.71,0,10,3,18,3,8
104100,4.64,0,3,8,28,3,6
558442,3.18,0,2,11,4,2,5
430850,4.69,0,3,7,20,2,5
301850,4.56,0,3,11,11,1,4
249721,4.58,0,2,8,15,2,5
211063,3.13,0,3,5,42,1,9
154896,3.91,0,3,11,9,2,3
410412,5.49,0,16,12,15,2,7
473912,6.28,0,9,4,9,2,4
461794,8.08,0,3,6,16,3,5
367332,4.8,0,3,3,29,4,7
241167,5.0,0,3,4,40,4,6
591067,4.06,0,3,13,17,1,6
316217,2.52,0,3,14,9,1,3
581540,2.54,0,3,6,15,2,5
160901,4.63,0,3,7,23,3,6
287578,4.0,0,3,13,14,2,5
378508,2.69,0,15,3,9,2,6
60355,4.53,0,8,4,31,3,10
160638,3.6,0,10,5,18,2,6
519380,4.75,0,3,7,20,3,5
448176,5.36,0,8,8,11,2,4
444541,4.56,0,16,5,16,3,6
492084,2.43,0,3,15,13,1,4
118531,5.67,0,3,8,21,4,6
108880,4.93,0,11,8,32,4,8
415595,5.14,0,3,13,21,2,5
455528,4.55,0,10,4,22,2,8
482985,2.88,0,2,15,8,2,4
503483,4.06,0,3,8,28,3,6
413960,2.88,0,3,12,12,1,5
487278,2.91,0,3,11,13,1,5
579261,0.0,0,3,16,12,1,5
294920,2.1,0,3,8,13,1,4
88361,4.93,0,8,2,21,5,7
502067,4.59,0,2,7,3,2,4
359002,4.23,0,3,9,16,2,5
459707,2.08,0,3,7,19,1,4
518423,4.17,0,3,10,23,2,5
66299,5.14,0,14,6,10,2,6
419163,3.89,0,3,8,16,1,4
573802,2.16,0,3,12,10,1,5
261172,4.56,0,3,12,12,1,5
181951,3.61,0,13,3,16,3,5
236703,1.84,0,3,9,7,1,5
602775,0.0,0,12,6,0,0,5
202661,4.91,0,3,5,25,2,5
144245,6.41,0,7,5,47,7,11
244908,4.44,0,3,5,9,4,5
281783,2.9,0,10,9,9,1,4
83780,2.49,0,15,8,11,1,6
219985,4.54,0,3,10,20,3,5
592189,4.95,0,3,14,35,2,7
384095,4.25,0,3,12,6,2,3
177224,0.0,0,6,6,10,1,4
233127,5.26,0,7,4,25,4,7
103228,2.92,0,11,8,10,2,4
233856,2.7,0,3,10,20,2,5
264113,2.7,0,3,12,16,1,3
583268,2.14,0,6,7,24,2,7
342365,3.0,0,3,7,15,1,4
489027,3.56,0,3,8,34,4,7
228213,3.29,0,3,4,14,2,5
317094,6.56,0,3,3,25,3,5
37777,4.92,0,2,6,8,2,3
322328,4.79,0,3,9,43,2,8
190211,2.71,0,3,18,9,2,4
176481,2.52,0,10,6,19,2,5
562761,3.07,0,3,7,20,2,6
571091,2.68,0,3,11,9,1,4
150474,3.66,0,15,4,36,4,9
565149,3.24,0,6,4,9,3,5
267272,3.92,0,3,5,13,2,4
76690,4.94,0,8,6,10,3,5
481127,4.1,0,3,11,20,2,5
589754,3.28,0,2,4,21,4,7
263468,2.21,0,3,12,16,2,5
150335,4.53,0,3,9,10,1,4
374688,3.35,0,3,10,23,3,6
290349,2.92,0,15,2,7,2,4
325979,2.48,0,3,9,8,1,4
124972,3.16,0,3,18,20,2,5
271391,4.53,0,18,3,4,2,6
385164,4.52,0,3,12,20,2,5
590816,2.81,0,3,9,16,3,6
484337,4.59,0,3,10,17,1,4
154867,3.59,0,3,9,25,4,6
105424,7.89,0,10,5,12,3,5
396501,4.56,0,3,7,12,1,4
411066,3.07,0,3,8,12,1,3
200552,2.77,0,2,11,14,1,5
381474,3.93,0,3,7,24,3,7
40138,3.81,0,10,6,9,2,4
459915,4.96,0,13,2,21,3,7
481850,3.29,0,3,11,9,2,4
555431,0.0,0,3,11,6,2,5
457312,2.27,0,3,9,11,1,4
120972,5.27,0,14,2,15,3,5
231529,2.59,0,3,5,11,1,4
491509,5.27,0,3,5,10,2,3
20359,2.88,0,3,8,20,1,4
138675,4.26,0,11,3,31,3,8
260329,2.63,0,3,6,17,1,4
436032,0.0,0,3,7,10,1,3
568568,0.0,0,8,4,10,2,5
558177,0.0,0,5,17,0,0,3
418873,3.58,0,3,6,11,2,4
576403,1.08,0,3,8,9,1,4
244302,0.0,0,3,19,5,2,3
505452,2.6,0,11,10,7,2,5
211189,2.57,0,3,9,9,1,4
396927,5.14,0,3,10,14,2,5
394187,4.67,0,3,11,14,2,5
602700,0.0,0,2,15,0,0,3
465630,4.34,0,3,8,30,1,7
297051,4.12,0,2,5,5,2,3
287987,4.66,0,3,6,29,3,7
569740,0.0,0,74,10,0,0,10
423480,4.66,0,3,6,14,1,4
74526,3.89,0,3,5,22,3,6
439515,6.41,0,3,8,45,2,10
559811,2.41,0,2,19,15,1,8
322354,2.81,0,2,7,30,2,7
353901,2.7,0,3,12,18,1,5
436570,6.2,0,3,3,32,4,8
435817,5.08,0,5,2,21,2,7
280376,3.3,0,3,14,8,2,5
197228,4.58,0,3,11,12,1,4
314902,2.68,0,11,5,7,2,5
568325,3.41,0,3,9,14,2,4
104587,4.32,0,9,6,8,2,4
308089,3.55,0,3,11,24,2,6
144296,3.27,0,3,6,13,2,4
300284,4.68,0,3,13,14,1,4
82526,5.58,0,3,9,17,2,5
151645,5.0,0,11,7,20,2,6
145456,0.0,0,12,7,8,1,4
166707,3.45,0,11,8,9,2,4
376081,6.06,0,7,3,18,4,6
207877,5.11,0,9,6,13,3,5
573192,0.0,0,6,8,18,2,7
230747,5.35,0,3,10,15,2,5
560351,2.7,0,3,11,15,2,6
314986,5.53,0,3,2,35,2,4
83247,4.65,0,11,3,24,4,7
320814,2.5,0,11,3,10,2,5
147196,4.89,0,2,4,30,5,9
251233,4.55,0,11,6,8,1,5
557763,0.0,0,6,14,0,0,3
271881,4.33,0,3,6,12,2,4
290320,5.72,0,13,4,16,2,6
223835,5.66,0,14,5,8,2,4
258930,4.91,0,2,5,17,2,5
128355,3.89,0,3,12,5,1,3
563619,0.0,0,11,6,0,0,2
177355,5.76,0,3,4,41,4,9
442731,0.0,0,10,12,12,1,4
218684,4.13,0,3,6,25,2,5
477159,4.18,0,3,9,11,3,5
10424,2.55,0,3,13,14,2,4
59728,4.9,0,3,6,15,3,5
225152,2.48,0,3,5,7,1,4
212017,3.53,0,3,6,12,2,4
190802,4.7,0,3,11,27,2,5
234049,2.35,0,3,11,14,2,4
446440,4.53,0,3,10,13,2,4
287150,4.95,0,3,15,16,1,4
562915,2.79,0,3,9,20,2,7
377116,4.74,0,7,2,41,5,11
332092,4.98,0,3,9,19,3,6
282503,2.98,0,3,6,24,2,6
240547,3.14,0,2,16,12,1,5
256935,2.81,0,5,16,13,1,5
134783,3.81,0,3,11,6,2,4
235871,5.31,0,3,9,21,3,6
297569,5.33,0,3,5,28,3,6
597141,2.28,0,3,10,23,3,6
444226,4.84,0,12,4,13,3,5
451217,5.72,0,13,4,13,2,5
288248,4.22,0,3,9,10,1,5
403348,3.73,0,3,12,21,2,6
22915,4.63,0,3,8,8,3,5
113273,3.45,0,3,12,8,1,3
102407,4.55,0,11,8,18,2,7
471881,4.65,0,3,9,9,2,4
598263,0.0,0,3,11,5,2,4
373455,3.96,0,3,6,19,2,5
583269,0.0,0,3,8,10,1,4
352044,3.05,0,5,6,16,1,6
269512,4.55,0,3,18,19,2,6
448259,4.82,0,7,3,12,1,5
182893,2.53,0,3,6,11,2,4
363300,2.5,0,3,9,13,1,4
45425,4.47,0,3,5,29,4,7
561915,0.0,0,3,8,0,0,2
79374,4.53,0,3,7,19,2,5
397786,3.08,0,3,5,22,3,6
597643,2.79,0,6,9,7,2,5
229783,2.52,0,5,11,14,1,5
362160,3.81,0,3,7,9,2,4
182210,2.96,0,3,6,15,1,4
397652,5.74,0,3,9,18,3,6
319548,2.53,0,3,10,12,1,4
594428,3.41,0,2,12,5,2,4
50234,3.28,0,3,11,9,2,4
109043,7.89,0,10,5,21,3,5
309764,4.56,0,3,14,8,2,6
72209,3.23,0,3,8,10,1,3
299538,4.66,0,3,9,22,2,7
594276,2.91,0,5,5,18,3,7
294802,4.53,0,8,6,9,2,4
519052,4.3,0,3,6,7,1,4
215105,6.51,0,6,3,15,2,4
556692,2.61,0,3,16,7,2,4
78324,4.65,0,3,6,18,2,4
581191,1.57,0,6,6,10,1,5
179539,4.72,0,3,5,19,2,5
353270,2.58,2,3,7,83,7,16
145683,4.58,0,13,4,15,2,7
420078,4.71,0,11,7,16,2,6
514721,3.85,0,5,11,11,2,6
113043,4.78,0,6,5,6,1,4
306688,4.12,0,3,16,23,2,5
31621,2.82,0,3,10,15,2,4
295068,0.0,0,10,9,10,1,4
157190,2.52,0,3,7,11,1,3
304372,3.25,0,2,10,14,1,5
589731,0.0,0,20,2,0,0,5
169579,4.99,0,3,12,22,2,7
374206,4.93,0,5,6,10,3,5
470367,4.7,0,3,14,15,1,3
342475,4.8,0,3,3,29,4,7
449946,4.53,0,12,5,18,3,5
102198,4.57,0,3,7,9,3,4
93987,4.54,0,3,10,28,2,5
26244,2.63,0,3,7,14,1,4
590548,0.0,0,13,8,0,0,2
242249,3.84,0,3,16,13,1,4
517866,3.77,0,7,5,6,2,4
555745,0.0,0,6,9,0,0,2
583229,0.0,0,9,18,0,0,3
347970,3.88,0,3,6,30,2,6
515075,4.63,0,12,4,10,2,5
599279,2.56,0,3,10,11,3,5
271539,4.41,0,3,7,9,2,4
53977,0.0,0,3,4,10,1,4
110193,3.57,0,3,5,14,1,6
91853,5.0,0,3,4,40,4,6
377722,4.54,0,3,7,33,4,7
514105,3.78,1,3,11,81,8,11
402560,4.74,0,3,6,5,2,3
126246,3.93,0,11,5,14,3,6
188647,4.21,0,3,9,16,2,5
206645,5.21,0,2,3,11,3,5
434507,3.26,0,3,13,11,1,4
350145,4.77,0,3,10,5,3,5
37987,4.59,0,11,2,16,2,6
329210,4.64,0,3,5,17,2,5
382769,3.41,0,3,17,10,1,4
602462,2.6,0,5,14,9,1,5
486209,2.26,0,3,6,5,2,3
561642,0.0,0,16,4,0,0,3
247131,4.62,0,3,3,9,2,4
35244,0.0,0,10,7,10,2,4
192781,3.19,0,14,4,37,3,6
203410,4.54,0,3,16,18,2,4
179816,3.21,0,3,8,21,1,5
563128,4.99,0,6,5,5,2,4
180125,3.66,0,3,7,16,2,6
293379,4.57,0,5,16,6,2,5
600833,0.0,0,7,15,0,0,2
515594,5.25,0,13,6,23,4,7
463077,4.9,0,3,12,19,2,5
286391,2.47,0,3,11,14,2,4
390863,4.86,0,7,3,16,2,6
353175,2.56,2,3,6,92,4,17
457245,3.29,0,3,8,11,1,4
279761,4.6,0,3,9,14,2,5
370440,5.72,0,13,4,21,2,6
24079,3.26,0,3,5,7,2,3
416566,5.58,0,3,2,19,2,4
139861,4.24,0,3,16,10,1,5
360311,4.7,0,3,7,30,3,7
336387,3.43,0,7,3,13,3,5
55797,3.9,0,10,5,21,3,7
428664,3.06,0,3,7,22,2,4
340288,5.2,0,3,8,14,3,5
7687,3.03,0,10,6,3,2,4
566492,0.0,0,3,15,0,0,2
46713,4.74,0,3,12,17,2,5
67072,5.06,0,3,9,18,2,5
500594,4.54,0,3,6,10,1,4
86647,3.27,0,3,11,6,1,4
131287,3.56,0,3,8,11,2,4
22591,7.89,0,10,5,12,3,5
293317,6.41,0,7,5,43,7,10
306155,4.84,0,15,9,8,2,6
336576,5.09,0,12,5,6,2,4
588493,1.46,0,3,8,11,2,4
402337,5.72,0,13,4,10,2,5
270201,5.03,0,17,5,10,2,5
228947,5.08,0,9,3,15,4,7
517065,5.18,0,10,4,18,2,5
72978,2.27,0,3,10,17,1,4
350959,5.71,0,3,9,13,2,3
124482,4.23,0,3,13,12,1,5
406506,3.17,0,3,7,26,2,5
393054,4.07,0,3,9,17,2,5
228752,3.58,0,3,11,5,1,3
79556,6.37,0,8,4,28,1,8
28214,4.93,0,3,9,26,2,7
229715,4.62,0,9,4,10,2,5
309,3.99,0,3,6,21,3,6
226914,4.71,0,3,14,12,1,4
4783,4.07,0,3,4,13,2,6
568746,0.0,0,5,12,0,0,3
250058,2.86,0,2,11,12,1,4
372057,3.39,0,7,9,8,2,5
409727,4.77,0,8,4,29,3,7
140675,3.77,0,3,10,10,1,4
133253,5.51,0,3,6,16,4,6
112164,5.13,0,8,7,33,3,7
444397,3.84,0,3,10,21,2,5
22925,2.61,0,3,7,31,2,7
575517,0.0,0,2,7,10,2,4
434361,4.71,0,3,14,26,2,5
193728,1.76,0,15,7,10,1,4
355519,2.64,0,3,14,13,1,4
579938,2.71,0,5,18,10,1,5
92286,4.88,0,10,2,7,2,4
386897,3.32,0,2,9,9,2,4
456673,4.67,0,7,4,10,2,4
491006,4.65,0,5,7,10,1,5
499340,2.62,0,3,7,26,2,5
188245,4.48,0,2,12,20,3,6
474630,5.12,0,3,8,13,1,5
282671,4.19,0,3,8,26,3,6
123281,4.56,0,3,6,25,4,7
574639,3.03,0,2,9,13,1,5
260449,4.12,0,3,16,23,2,5
507614,4.58,0,2,8,13,2,4
220559,4.64,0,3,8,30,3,6
29422,2.7,0,9,8,11,1,6
308566,3.62,0,10,4,8,1,5
314817,5.25,0,6,8,12,2,4
560449,0.0,0,17,9,0,0,4
561118,0.0,0,3,5,7,2,4
352566,4.06,0,3,8,25,3,5
185874,2.98,0,12,6,11,2,6
138673,4.53,0,11,3,20,2,6
96084,4.82,0,11,4,8,2,4
240752,5.87,0,13,7,27,3,7
371527,2.59,0,3,20,11,1,5
68084,5.27,0,14,2,11,3,5
514477,4.8,0,12,3,38,6,9
113115,4.58,0,3,10,19,2,6
62596,3.36,0,6,10,10,2,5
114875,3.67,0,3,9,12,1,5
126988,4.45,0,9,5,18,2,6
340205,3.81,0,3,14,10,1,2
198944,7.72,0,3,2,23,5,6
515367,2.78,0,3,21,9,1,5
392814,4.57,0,13,4,21,3,6
574393,0.0,0,19,7,0,0,2
313487,3.68,0,3,10,25,2,5
598215,2.9,0,6,5,7,1,4
33423,4.87,0,10,6,37,4,8
47579,4.86,0,3,8,23,3,6
574411,0.0,0,3,18,19,1,4
305895,4.53,0,3,15,10,1,3
197167,3.08,0,3,10,25,2,6
147263,2.18,0,3,8,21,2,5
227285,3.0,0,14,8,9,1,4
457187,5.72,0,13,4,26,3,7
225566,2.49,0,3,4,16,1,5
449784,3.72,0,3,6,11,2,4
375717,2.39,0,3,21,9,2,4
227817,1.87,1,6,8,93,5,16
355381,0.0,0,5,10,11,1,5
515383,3.04,0,3,10,13,1,4
426790,5.33,0,3,5,20,3,5
437717,4.63,0,3,11,18,1,6
222239,5.33,0,11,6,9,2,4
88025,4.59,0,10,4,27,4,7
322090,3.6,0,3,6,24,2,5
32898,4.84,0,3,9,12,2,4
272182,4.77,0,3,10,21,3,7
222584,4.96,0,3,7,12,1,4
104159,4.4,0,3,13,22,2,5
590271,1.16,0,3,7,9,2,5
571546,1.81,0,6,7,14,1,5
213909,4.55,0,7,4,16,2,6
179748,0.0,0,10,11,8,1,4
444662,5.92,0,3,13,56,4,12
68689,3.04,0,3,7,11,1,5
597488,2.77,0,3,6,20,2,8
419673,4.96,0,10,5,12,4,6
235761,3.53,0,3,12,8,1,3
270055,8.45,0,3,6,19,3,4
442207,5.19,0,3,3,39,6,10
493048,5.01,0,14,5,7,1,4
443784,4.57,0,3,16,25,2,6
479943,4.62,0,3,4,9,1,4
514833,3.93,0,3,11,11,1,4
455789,2.32,0,3,13,12,1,4
558013,5.09,0,9,10,5,2,4
599369,0.0,0,2,13,0,0,3
557956,5.09,0,9,10,6,2,4
88789,3.74,0,9,6,15,3,5
46783,4.69,0,3,8,40,4,9
510519,4.21,0,3,4,19,2,4
504955,5.04,0,3,13,8,2,4
437128,5.37,0,12,8,21,2,5
362800,2.47,0,3,12,18,1,6
178648,3.78,0,3,11,13,1,4
274792,3.45,0,3,14,20,2,5
590870,0.0,0,10,17,0,0,3
584124,0.0,0,10,15,13,2,4
227823,0.0,1,3,11,93,3,21
27415,5.1,0,12,4,24,4,8
238028,5.0,0,3,10,25,3,7
7509,2.72,0,5,12,11,2,6
255625,3.64,0,5,6,20,4,8
204868,3.68,0,3,10,15,1,5
119818,4.59,0,10,6,14,3,6
598770,2.85,0,2,11,10,2,5
349114,4.56,0,3,14,4,2,6
249987,5.29,0,3,12,16,3,4
58741,3.64,0,3,20,10,1,4
244913,4.91,0,2,5,21,2,5
189178,5.74,0,3,9,19,3,5
578790,1.58,0,3,9,11,1,4
243023,4.68,0,11,7,30,3,8
262902,3.42,0,3,11,12,1,3
136693,2.82,0,3,7,16,2,4
602682,0.0,0,29,7,0,0,6
203821,4.6,0,6,6,25,3,10
152992,4.78,0,9,8,20,4,8
92119,4.65,0,3,11,29,2,7
227739,5.17,0,3,13,14,2,5
472000,5.42,0,10,8,34,4,7
375922,3.75,0,3,7,6,2,3
113814,3.91,0,3,13,10,2,5
406465,2.48,0,3,7,16,2,5
11507,3.63,0,3,13,13,1,5
384585,4.53,0,16,3,16,3,5
318409,2.86,0,3,11,4,2,3
419628,2.88,0,3,7,14,2,5
459899,0.0,1,3,6,79,7,16
458108,3.61,0,11,5,9,2,4
362816,4.98,0,3,9,23,3,6
452877,5.74,0,3,9,21,3,5
151252,2.67,0,2,7,17,2,5
486829,2.62,0,3,12,18,2,5
269904,3.88,0,3,10,19,2,5
430604,4.5,0,3,12,22,3,5
408985,5.74,0,3,9,24,3,5
404130,4.91,0,2,12,16,3,4
583646,0.0,0,9,25,0,0,5
328433,3.29,0,3,4,10,2,4
134290,4.96,0,3,3,34,2,8
128371,5.72,0,13,4,13,2,5
39796,4.97,0,3,10,17,2,5
83145,4.24,0,11,3,14,2,6
191684,3.03,0,3,7,14,1,4
22064,3.48,0,2,9,3,2,4
71933,2.36,0,2,8,20,2,5
433435,0.0,0,3,14,10,2,4
356288,4.99,0,9,9,28,4,7
132130,4.88,0,3,12,16,2,5
32862,4.21,0,3,7,12,1,4
424346,8.35,0,3,7,76,5,14
482724,3.81,0,3,7,17,2,5
566217,2.76,0,3,8,12,1,4
573101,2.48,0,7,7,14,2,6
141907,4.64,0,3,8,21,1,5
574231,0.0,0,2,9,10,1,5
400441,4.52,0,3,14,10,2,4
191843,4.13,0,3,15,14,3,5
400010,5.63,0,3,8,23,2,4
339383,0.0,0,3,16,19,3,5
566848,0.0,0,3,11,5,2,4
217014,3.54,0,3,7,16,2,5
328122,5.36,0,8,2,19,3,7
287738,0.0,0,11,7,13,1,6
286280,6.06,0,6,4,9,2,4
568423,2.25,0,3,5,8,2,5
149787,3.32,0,3,5,12,2,4
433659,2.95,0,3,6,6,1,3
386588,4.8,0,10,2,39,4,10
420150,3.79,0,3,10,15,1,5
17031,2.85,0,10,6,8,1,6
122803,5.56,0,3,5,19,3,6
460295,3.51,0,3,10,7,1,4
257717,2.78,0,3,6,11,1,5
104459,5.17,0,3,7,12,1,4
11119,4.53,0,4,7,20,2,5
80963,4.58,0,2,5,8,1,4
403828,4.53,0,3,11,18,2,5
419906,4.77,0,7,5,19,2,6
562778,4.79,0,5,5,22,3,8
469961,5.09,0,3,10,9,2,4
317776,4.54,0,3,7,11,3,4
135003,5.74,0,3,8,16,2,4
158871,4.73,0,3,8,30,3,6
346130,4.68,0,11,3,22,4,7
155451,4.96,0,3,3,27,2,6
577780,3.29,0,3,7,4,2,4
248403,2.86,0,3,6,8,1,3
254991,4.52,0,3,8,15,2,4
510377,4.04,0,3,12,16,2,3
589535,0.0,0,3,19,0,0,3
157971,3.32,0,3,13,11,1,5
130723,5.26,0,10,7,17,2,4
316198,3.54,0,3,13,10,1,4
235580,3.46,0,3,11,19,1,4
268211,4.69,0,7,4,13,3,5
18717,4.72,0,3,6,18,3,5
65891,4.62,0,3,8,18,2,5
307894,1.15,0,3,8,9,1,4
144277,4.81,0,5,3,32,6,8
416440,2.58,0,3,8,13,1,5
572282,4.32,0,3,7,10,1,4
89246,3.34,0,3,9,8,1,4
63737,4.64,0,3,9,11,3,5
574604,3.89,0,3,10,12,2,4
347593,4.93,0,11,8,8,2,4
136202,5.56,0,3,9,18,2,5
316755,4.82,0,7,2,23,3,6
558973,0.0,0,6,13,0,0,3
107204,4.87,0,11,3,20,2,6
153988,2.32,0,3,10,13,1,4
585150,0.0,0,2,10,0,0,3
360270,2.69,0,3,14,8,2,4
390343,4.69,0,3,11,16,2,5
578599,0.0,0,3,16,0,0,2
369802,3.71,0,7,7,17,2,5
601402,0.0,0,3,10,22,2,5
264765,4.68,0,3,11,12,1,4
295928,3.8,0,3,8,8,1,4
135309,3.14,0,3,6,5,2,3
24052,1.52,0,3,14,8,2,4
332988,3.92,0,3,4,34,3,7
499486,3.16,0,6,17,10,1,6
220314,4.71,0,11,3,34,3,8
121195,7.89,0,10,5,19,3,5
146500,4.53,0,3,7,6,2,3
373801,4.83,0,7,4,10,1,4
4885,3.39,0,6,8,6,2,4
283166,4.5,0,3,10,17,2,5
474301,2.59,0,3,11,22,2,4
284265,6.25,0,3,7,10,2,4
171790,3.26,0,3,5,12,1,4
74871,0.91,0,17,10,10,1,6
174027,4.07,0,7,13,8,2,5
113366,3.95,0,3,7,17,3,5
581559,0.0,0,130,6,0,0,14
266084,3.72,0,3,11,15,1,5
446442,4.75,0,3,8,10,1,3
115413,4.66,0,3,12,11,2,5
234845,3.95,0,3,12,10,1,4
587183,2.25,0,3,6,17,3,6
130362,4.95,0,3,5,27,3,8
39498,4.65,0,3,8,21,2,5
108908,4.83,0,3,12,16,2,5
29960,4.72,0,13,5,24,2,10
379773,3.28,0,3,9,6,1,4
290006,5.74,0,3,9,23,3,5
9070,3.84,0,3,10,25,2,5
424030,4.55,0,16,2,12,3,6
147202,4.8,0,3,5,19,2,5
298493,2.59,0,3,6,17,3,5
208438,3.59,0,3,19,7,1,3
460953,4.77,0,3,12,12,2,5
239831,5.33,0,7,4,14,4,6
581105,0.0,0,10,10,7,2,5
591618,0.0,0,3,9,4,2,3
278431,2.71,0,3,13,13,1,5
275612,4.06,0,3,9,13,2,5
393403,4.73,0,9,4,10,2,5
11083,3.28,0,3,12,6,1,3
328865,4.64,0,3,9,12,3,5
261351,2.77,0,3,11,12,2,5
340285,2.69,0,5,9,8,1,4
262923,4.54,0,3,9,10,2,4
300090,4.56,0,3,13,50,2,10
558572,0.0,0,12,10,0,0,2
63318,3.68,0,3,10,15,1,4
368350,3.09,0,6,4,4,2,4
401274,5.12,0,15,2,37,5,10
167918,0.0,0,10,10,8,1,4
63705,4.85,0,7,2,23,3,6
144435,3.01,0,3,17,9,1,4
60224,3.44,0,3,8,22,2,4
78459,5.74,0,3,9,24,3,5
428171,3.11,0,3,15,13,2,5
110354,2.63,0,3,12,19,2,5
559076,0.0,0,11,10,19,2,7
21462,4.52,0,3,11,21,2,5
381126,0.0,0,12,5,10,1,4
580878,0.0,0,13,9,0,0,2
4943,5.31,0,5,5,18,4,6
148748,4.98,0,6,4,22,3,6
166635,5.74,0,3,9,19,3,5
569198,0.0,0,3,9,4,2,3
79832,1.41,0,3,4,12,2,4
50280,4.77,0,16,4,36,4,10
243850,4.89,0,3,15,11,2,4
519912,2.52,0,3,12,12,1,5
435544,5.33,0,10,7,20,2,6
558905,0.0,0,12,26,0,0,2
385222,0.0,0,10,11,12,1,4
58691,4.86,0,3,2,10,2,4
175532,5.2,0,3,8,13,3,5
92491,2.95,0,3,6,6,1,3
322105,4.55,0,3,14,11,1,4
404661,1.3,0,3,10,10,2,4
357498,3.48,0,3,9,9,2,3
139802,3.58,0,5,13,10,1,5
210728,3.7,0,3,7,12,1,4
150456,4.28,0,3,6,15,1,5
361721,1.95,1,3,5,77,5,19
580348,2.32,0,3,12,19,2,6
125938,3.39,0,3,6,19,2,5
373648,4.16,0,3,12,16,3,5
233353,4.48,0,3,10,13,2,4
113079,5.01,0,3,13,11,1,4
116454,4.24,0,14,4,11,2,5
369275,3.84,0,13,5,22,2,5
515530,3.32,0,15,5,7,2,4
174043,2.95,0,3,9,11,1,4
566250,0.0,0,9,9,0,0,2
493006,3.61,0,3,16,9,1,4
452230,4.71,0,12,4,20,5,9
75675,5.04,0,4,8,15,1,7
487699,5.03,0,2,9,26,3,7
108588,4.37,0,5,9,10,2,5
257809,4.92,0,9,3,31,3,8
491752,4.54,0,16,4,21,3,6
109341,5.01,0,8,7,14,4,6
480439,5.15,0,8,3,8,2,5
436356,1.53,0,3,8,11,1,5
109972,3.06,0,3,9,25,2,6
570046,1.53,0,6,9,9,1,5
139486,6.0,0,3,3,29,5,8
475252,2.47,0,3,12,21,2,5
97060,2.51,0,3,7,7,1,3
361680,5.58,0,9,6,14,3,5
324255,5.2,0,3,8,35,3,8
284258,4.53,0,8,6,9,2,4
124792,5.74,0,3,9,23,3,5
438001,3.45,0,3,12,8,1,3
111628,3.26,0,3,13,19,2,5
417980,3.51,0,3,10,7,1,4
249600,4.66,0,3,11,23,4,6
23992,4.59,0,7,6,5,2,4
142402,4.63,0,10,3,19,3,7
127151,3.91,0,2,6,17,2,5
346072,3.57,0,3,5,23,3,6
350504,4.67,0,8,6,10,2,4
584180,1.35,0,3,11,9,1,4
481211,3.85,0,3,10,25,3,6
329328,4.78,0,12,4,7,2,4
453620,4.6,0,13,7,7,2,5
602395,2.72,0,6,9,6,2,6
50005,4.95,0,2,11,12,3,5
202748,4.92,0,16,2,11,2,5
419733,3.25,0,2,6,23,3,6
233660,3.79,0,3,13,11,2,4
209666,4.55,0,3,6,17,3,5
410184,4.77,0,6,6,9,1,4
334869,4.72,0,3,8,14,1,5
344874,4.92,0,16,2,11,2,5
146539,2.46,0,3,5,7,1,4
486947,3.31,0,3,9,13,1,4
78413,5.01,0,15,4,16,3,7
153999,4.53,0,11,4,18,3,6
138274,3.77,0,8,6,7,1,5
494079,0.0,0,10,6,11,1,4
224314,4.71,0,7,4,18,3,7
440367,4.6,0,3,5,21,1,5
102379,4.53,0,10,9,7,1,4
458912,5.07,0,7,3,21,4,7
284951,2.67,0,6,2,6,1,4
407106,3.34,0,3,7,22,2,5
602941,0.0,0,23,5,0,0,2
191280,4.53,0,3,12,12,1,4
103313,5.01,0,6,6,23,3,7
25514,3.43,0,3,10,11,1,4
475042,3.45,0,3,13,15,1,5
177582,3.05,0,3,10,14,1,5
495726,7.2,0,13,7,11,3,5
342270,4.54,0,3,4,15,3,5
305794,3.74,0,13,4,3,2,5
570988,0.0,0,10,12,9,2,4
281972,3.29,0,2,7,8,2,4
72119,6.7,0,13,4,21,3,6
175276,4.38,0,3,6,24,4,6
582564,1.77,0,3,4,16,3,5
446582,5.12,0,3,5,24,3,6
101976,3.61,0,11,3,13,2,4
112422,3.83,0,3,22,13,1,5
221490,3.8,0,3,10,12,1,4
112993,4.79,0,11,4,32,3,7
275785,5.58,0,9,6,20,3,8
98698,5.21,0,14,2,6,2,5
269376,4.89,0,6,9,24,2,8
518604,4.39,0,3,11,16,1,4
437031,1.98,0,3,13,13,1,4
591562,0.0,0,2,11,0,0,2
330525,4.6,0,10,3,20,2,6
411520,5.58,0,3,9,15,3,5
147290,4.54,0,12,7,5,2,5
162675,4.61,0,3,4,12,1,3
380192,3.37,0,3,10,14,3,5
269418,4.32,0,9,3,20,3,8
421968,4.59,0,16,4,26,3,9
249958,3.71,0,12,3,30,3,7
120627,3.63,0,10,6,10,2,4
459708,10.0,1,2,8,103,5,19
38339,2.4,0,3,13,17,2,5
480876,3.66,0,3,9,22,3,6
602968,2.08,0,5,4,15,2,7
470153,3.54,0,3,5,28,3,6
106059,10.0,0,3,4,15,3,5
286382,5.74,0,3,9,24,3,5
82316,2.91,0,3,13,10,1,4
602852,2.57,0,3,15,8,2,5
360717,3.66,0,5,8,20,2,6
111508,5.63,0,3,8,23,3,6
162111,4.96,0,3,5,21,2,5
164039,3.52,0,3,12,10,2,4
493287,4.05,0,3,10,7,2,3
481986,3.7,0,10,7,13,3,5
208985,3.83,0,3,11,27,3,7
94668,5.45,0,3,10,11,2,4
270053,4.65,0,3,11,5,2,3
41842,2.99,0,11,6,9,2,5
2,4.77,0,3,10,16,3,5
205344,2.55,0,3,14,12,1,4
292870,4.71,0,7,4,18,2,6
598107,0.0,0,8,21,0,0,3
340528,2.35,0,3,9,17,1,6
359471,4.67,0,10,4,29,3,7
416684,0.0,0,3,16,13,1,4
19837,2.84,0,3,11,13,1,4
574430,0.0,0,13,32,0,0,6
364292,4.16,0,3,8,11,2,4
467026,4.49,0,3,12,8,2,4
510012,4.65,0,9,9,17,4,7
587288,0.0,0,3,4,4,1,3
193261,3.7,0,3,13,11,1,5
453829,4.63,0,11,3,9,2,5
405370,4.55,0,3,11,9,3,5
380389,3.08,0,3,5,28,3,6
301226,2.69,0,3,11,10,2,4
469221,4.08,0,3,7,18,3,5
269253,4.9,0,3,10,19,2,5
483471,4.84,0,3,14,21,3,6
159343,4.72,0,3,5,10,2,4
141655,4.55,0,7,7,10,2,4
468361,3.09,0,3,8,22,3,6
495054,2.98,0,3,6,7,1,4
242017,4.54,0,3,7,26,3,6
459811,7.04,0,14,5,8,2,4
394820,4.61,0,3,10,34,4,7
54791,4.67,0,7,6,9,1,4
509658,5.72,0,11,2,10,2,5
576083,0.0,0,2,7,10,2,4
517762,5.3,0,3,7,14,3,5
47237,3.48,0,3,4,23,3,6
194602,3.1,0,7,8,12,3,6
36130,4.53,0,3,9,22,2,5
558947,5.67,0,11,4,23,2,6
293077,4.63,0,7,4,7,2,5
382924,4.65,0,3,4,12,1,3
391129,4.65,0,3,14,22,2,5
257207,4.99,0,3,14,10,1,4
474559,7.22,0,10,4,38,4,8
160299,5.01,0,3,6,12,2,5
356949,3.61,0,3,8,12,2,4
191487,4.66,0,3,8,18,2,5
434002,4.84,0,3,9,6,1,4
210627,4.82,0,3,6,30,2,6
283149,4.64,0,3,7,15,4,6
195127,4.8,0,16,7,18,2,6
432680,4.59,0,8,5,22,3,7
66459,3.88,0,3,10,21,2,6
602234,0.0,0,3,7,10,1,3
130439,5.47,0,9,4,8,2,4
400911,3.23,0,3,4,10,1,4
95537,3.48,0,3,5,20,3,5
335235,3.71,0,3,9,15,1,4
307684,3.81,0,3,7,11,2,5
87587,2.46,0,2,6,14,2,5
148339,3.43,0,3,7,27,3,5
140137,2.99,0,3,9,8,1,3
416057,3.05,0,15,5,21,3,6
515571,4.98,0,3,13,22,2,6
435830,4.95,0,3,5,27,2,6
205665,5.02,0,3,7,18,3,5
125826,2.18,0,3,8,21,2,5
270530,5.03,0,17,7,35,3,9
20419,4.92,0,3,5,16,2,5
457260,4.55,0,3,12,5,2,4
512537,4.67,0,9,9,11,3,6
601948,0.0,0,3,10,22,2,5
461349,4.76,0,8,9,7,2,4
343000,4.85,0,7,2,23,3,6
401,4.93,0,8,7,21,2,7
415964,4.33,0,3,17,7,1,4
601041,2.56,0,3,8,22,3,6
137931,4.71,0,7,4,26,3,6
485485,4.55,0,3,5,22,3,6
142604,4.39,0,3,4,7,2,4
327737,4.99,0,3,15,19,2,5
448628,4.58,0,3,11,29,3,6
455776,4.72,0,12,3,28,4,9
177622,6.66,0,3,2,27,2,8
42718,6.87,0,10,6,14,2,5
346224,2.84,0,3,7,21,1,5
21401,3.17,0,3,11,13,1,4
163684,2.57,0,3,9,10,1,3
81287,4.96,0,3,11,13,3,5
14097,7.89,0,10,5,22,3,5
485302,4.35,0,6,3,14,2,5
574422,0.0,0,5,8,0,0,2
386178,4.81,0,11,6,16,3,7
465047,4.64,0,3,5,25,2,6
516275,2.47,0,11,7,12,2,4
205582,3.19,0,3,9,14,1,4
259316,2.51,0,3,10,25,2,5
465233,0.0,0,10,15,10,1,5
426613,4.79,0,15,3,21,2,6
193859,4.33,0,3,10,13,3,5
453633,4.21,0,2,5,6,2,3
584198,1.56,0,2,12,17,2,7
557337,0.0,0,11,10,0,0,2
184644,6.24,0,3,3,45,5,8
176504,3.99,0,3,9,12,2,5
411324,4.77,0,3,10,5,3,5
79243,4.0,0,11,3,18,3,6
282057,3.36,0,7,4,11,1,4
60259,3.15,0,3,18,10,1,4
192011,5.27,0,16,4,27,3,10
286128,5.14,0,3,10,15,2,5
454701,2.73,0,3,11,21,2,5
355428,2.88,0,3,13,4,1,4
286023,3.83,0,3,10,7,1,4
192995,4.54,0,7,3,20,2,6
575740,0.0,0,3,19,0,0,3
353156,0.0,1,3,7,85,7,18
318185,5.22,0,3,7,17,2,5
251078,2.86,0,3,21,12,1,5
38099,3.9,0,3,9,17,1,6
571235,2.56,0,5,3,10,2,6
169154,4.57,0,14,7,7,2,5
158627,7.22,0,10,4,9,3,5
297741,6.41,0,7,5,48,7,11
446911,3.03,0,3,6,12,1,5
373439,2.92,0,3,7,9,2,3
364739,4.6,0,3,10,6,2,4
477379,4.15,0,13,5,29,4,8
399327,2.81,0,15,5,7,2,5
312633,3.24,0,3,5,20,2,5
328921,4.67,0,3,6,17,3,5
281305,3.85,0,3,10,21,2,5
569501,0.0,0,12,15,0,0,2
247632,3.17,0,3,12,6,2,4
504313,2.79,0,3,9,11,1,3
157195,4.1,0,3,10,8,2,3
254462,4.54,0,7,3,17,3,6
399630,6.75,0,3,11,19,3,5
484287,4.55,0,3,11,20,2,5
499113,4.92,0,7,4,21,3,6
118396,4.04,0,3,13,3,2,4
161942,3.16,0,8,10,9,2,4
99598,4.92,0,7,9,10,3,5
433841,1.51,0,2,3,18,2,4
192337,5.67,0,3,8,21,4,6
467679,5.73,0,7,3,35,5,9
576454,2.66,0,2,10,18,2,5
26854,5.12,0,3,9,9,2,4
505373,5.63,0,3,8,27,2,4
269161,0.0,0,3,13,8,1,4
7302,3.11,0,6,8,18,3,6
240041,1.01,0,3,7,9,1,4
181665,5.0,0,12,5,6,2,4
503852,4.9,0,9,2,23,2,6
313415,4.96,0,9,2,40,6,10
427372,5.5,0,13,6,9,2,5
24022,4.94,0,13,3,11,3,7
474973,4.8,0,11,2,28,3,7
383820,6.47,0,3,6,13,3,4
78708,4.68,0,3,9,10,1,4
303708,3.71,0,12,5,15,2,6
588645,0.76,0,3,8,15,2,5
581896,5.4,0,3,8,10,3,5
461452,2.84,0,3,7,21,1,5
255688,2.78,0,3,7,20,2,6
496668,4.55,0,2,9,19,2,5
343917,3.29,0,3,4,11,1,4
258919,3.48,0,3,4,23,3,6
501376,4.74,0,3,12,23,2,5
596976,1.4,0,3,7,12,2,5
208072,3.14,0,3,7,12,2,4
84329,4.64,0,3,4,25,3,6
573768,0.0,0,9,14,0,0,2
459521,0.0,1,3,2,99,6,18
176859,4.21,0,3,12,13,2,5
465172,3.59,0,3,10,12,3,5
499724,5.74,0,3,8,26,3,6
198901,2.58,0,6,6,11,1,4
442403,3.46,0,3,11,20,2,5
425868,4.53,0,3,7,12,1,4
394489,5.34,0,3,4,39,4,7
174682,3.48,0,3,13,5,2,4
284050,4.72,0,3,3,19,3,4
50920,3.06,0,9,9,5,2,5
581398,0.0,0,3,8,15,2,5
373863,4.78,0,14,2,7,2,5
379965,4.01,0,16,4,5,2,4
101242,2.92,0,3,11,15,3,5
470513,0.0,0,3,4,7,1,4
577020,0.0,0,64,6,0,0,11
200937,5.14,0,3,10,14,2,5
263673,4.53,0,15,3,36,4,9
132312,1.74,0,3,15,10,1,4
209524,4.95,0,3,9,23,3,6
259888,3.67,0,3,6,12,1,4
378308,6.56,0,3,3,32,4,7
318522,4.69,0,6,2,18,2,6
451831,3.53,0,3,10,9,1,4
372560,4.72,0,3,5,18,2,5
103400,2.79,0,2,9,11,1,4
378557,4.88,0,11,2,26,3,7
582095,0.0,0,3,7,0,0,2
562831,2.72,0,3,20,18,2,5
83544,4.6,0,3,16,15,3,5
599876,0.0,0,6,9,0,0,2
477025,4.55,0,9,8,12,3,6
322134,4.71,0,12,4,9,3,5
585008,0.0,0,3,11,11,1,4
369580,3.9,0,9,4,31,3,8
144665,6.46,0,9,4,30,4,8
517912,3.83,0,3,10,13,2,5
93180,2.87,0,3,9,12,1,5
353059,4.63,0,3,10,13,1,4
41554,4.87,0,3,6,28,3,8
512186,3.1,0,3,9,11,2,5
452649,4.76,0,11,4,26,3,7
583578,1.98,0,2,6,5,1,4
221527,5.17,0,3,7,57,3,9
472784,5.58,0,9,6,15,3,6
595225,1.91,0,3,6,5,2,3
566346,1.8,0,3,7,19,1,6
76399,4.69,0,3,6,14,1,4
195300,4.99,0,3,4,15,4,5
11134,1.34,0,3,16,9,1,4
351637,4.88,0,10,2,30,3,8
462411,3.18,1,3,12,79,4,15
305967,0.0,0,3,8,9,1,4
203145,2.81,0,3,15,13,2,5
452578,5.07,0,3,7,17,3,6
409359,5.32,0,3,10,15,3,5
70583,4.82,0,11,3,39,4,10
75987,2.56,0,11,8,11,2,4
305644,3.91,0,3,20,10,1,4
106550,5.0,0,3,4,39,4,6
29496,4.81,0,10,2,38,5,9
410846,2.88,0,3,10,19,2,5
33393,2.27,0,3,6,12,1,4
265834,2.75,0,3,12,14,2,4
298432,2.7,0,3,14,12,2,4
563290,0.0,0,13,8,0,0,2
240635,4.06,0,3,6,7,2,3
125710,4.97,0,3,5,21,2,5
63837,5.36,0,8,8,13,3,5
482089,0.0,0,10,8,14,1,4
282289,4.62,0,3,7,17,1,7
371627,3.88,0,3,6,11,2,4
439756,5.74,0,3,9,24,3,5
577799,0.0,0,3,6,22,2,5
66418,5.04,0,7,5,23,2,6
243296,4.67,0,12,5,9,2,4
459479,2.67,0,3,13,10,1,4
303878,3.01,0,3,14,9,2,5
39116,3.47,0,3,5,15,2,5
478197,4.81,1,3,17,77,8,14
221030,5.78,0,3,9,11,1,3
74058,5.52,0,3,3,20,2,5
85339,4.9,0,9,3,7,2,4
350654,4.84,0,3,11,19,3,8
158635,4.69,0,7,5,18,2,6
369691,2.62,0,11,7,7,2,4
77978,2.43,0,2,10,10,1,4
25584,4.82,0,10,8,21,2,6
207980,2.9,0,9,6,9,2,4
106863,4.49,0,3,12,32,3,6
585231,1.79,0,3,8,12,2,5
41772,5.16,0,13,4,16,3,7
132038,5.12,0,9,3,39,4,9
325178,4.07,0,3,11,9,2,3
358763,5.37,0,3,4,18,3,5
413250,0.0,0,3,14,10,2,4
571842,0.0,0,29,8,0,0,5
56752,4.55,0,3,11,17,2,5
361540,4.28,0,10,2,36,3,8
271755,5.45,0,12,10,11,2,5
100937,3.11,0,7,4,25,2,6
275960,4.67,0,3,5,19,1,7
204624,5.05,0,3,13,21,2,5
132077,5.07,0,7,3,22,4,7
4670,4.9,0,9,8,9,2,4
83376,4.91,0,3,16,14,2,5
559938,2.52,0,3,7,4,2,3
303197,4.82,0,3,6,30,2,6
310320,4.62,0,3,8,10,3,4
569127,3.26,0,3,15,18,3,5
452534,0.0,0,10,11,12,2,4
215026,3.79,0,3,7,16,2,5
126174,4.63,0,7,5,23,4,8
232414,4.85,0,3,4,30,3,7
106284,4.72,0,16,7,18,2,5
497726,4.67,0,13,5,21,3,7
99583,4.78,0,3,3,22,3,6
29689,4.11,0,3,7,29,3,7
421227,4.55,0,3,7,23,2,5
216970,4.89,0,3,14,14,2,5
108513,3.31,0,3,9,14,1,4
76874,5.39,0,7,4,23,4,7
86174,4.94,0,3,9,12,2,5
44762,4.7,0,7,4,14,2,5
588173,2.66,0,3,12,19,2,5
242518,5.07,0,10,8,16,3,5
298651,3.45,0,3,13,12,1,5
573752,3.13,0,3,12,6,2,4
307191,2.31,0,3,5,14,1,4
222709,6.13,0,11,3,17,3,6
318230,3.2,0,3,8,11,2,4
569914,0.0,0,3,17,0,0,3
98656,4.66,0,3,17,44,3,10
54337,2.97,0,3,6,17,2,5
315982,5.58,0,9,6,31,3,5
574542,2.5,0,3,10,15,2,5
207941,3.61,0,3,8,16,2,7
35525,4.01,0,3,10,28,3,7
112654,4.6,0,10,5,21,2,7
353643,3.61,0,6,4,12,3,5
580382,2.32,0,3,12,10,2,5
148526,5.22,0,6,8,8,2,4
289289,2.95,0,3,8,9,1,4
116013,2.67,0,11,8,8,2,5
317212,4.45,0,3,11,15,2,5
6489,5.43,0,6,5,20,3,6
587930,1.87,0,3,14,21,3,6
171944,5.89,0,3,9,14,1,3
13886,4.72,0,13,3,13,2,4
372898,5.57,0,6,3,12,2,7
223640,3.59,0,10,5,22,2,7
98399,4.39,0,2,10,13,3,5
504865,4.78,0,14,2,22,3,8
406766,3.97,0,3,12,14,1,4
277095,3.57,0,3,9,20,2,5
568998,2.55,0,3,10,22,3,6
505130,4.59,0,3,7,16,3,5
367118,5.35,0,12,12,13,3,5
10480,3.84,0,3,11,8,1,3
415291,5.83,0,3,10,11,1,5
577835,1.53,0,3,8,4,2,4
206844,4.9,0,9,3,5,2,4
278979,6.7,0,13,4,27,3,7
248013,5.56,0,3,5,19,3,6
228136,4.79,0,3,5,7,2,3
415176,2.81,0,3,9,3,1,2
497879,4.57,0,6,3,5,2,4
209274,5.23,0,3,3,24,3,6
253775,4.84,0,9,5,12,2,4
464246,2.93,0,2,5,19,2,8
517167,3.7,0,3,9,13,1,4
322331,4.3,0,3,12,11,1,4
71720,1.58,0,14,6,10,1,6
259876,4.22,0,3,8,23,2,5
578645,2.83,0,3,15,8,2,5
132890,2.87,0,3,5,14,1,4
172563,4.63,0,10,3,23,3,7
274750,2.49,1,3,4,116,20,25
416963,4.81,0,3,11,9,2,4
424601,4.64,0,3,9,23,3,6
261814,4.72,0,7,6,6,2,4
96092,5.51,0,3,6,17,4,6
517308,4.35,0,3,7,26,1,7
294104,4.74,0,3,6,10,1,3
369075,5.92,0,3,9,13,3,5
591811,0.0,0,3,9,26,3,6
426608,2.87,0,3,12,7,1,4
309429,4.65,0,3,10,18,3,4
76949,3.46,0,3,10,4,2,3
436314,4.33,0,3,10,13,3,5
401115,3.89,0,3,7,19,2,5
134621,4.53,0,3,8,22,3,6
567251,0.0,0,5,3,0,0,3
509452,4.3,0,3,8,18,1,5
479024,2.78,0,3,4,13,1,3
205662,5.58,0,9,6,32,3,8
580248,3.2,0,3,8,18,3,6
282508,3.68,0,3,5,9,2,3
238291,0.0,0,3,14,10,2,4
556572,2.58,0,2,8,11,1,4
363669,4.73,0,3,5,23,4,6
353499,4.69,0,3,11,25,2,5
338773,2.62,0,3,13,28,3,7
296914,3.82,0,3,11,33,3,6
32377,4.57,0,13,4,21,3,6
331200,0.0,0,10,7,10,2,4
261369,3.56,0,3,15,20,2,6
344742,5.12,0,3,5,24,1,6
561792,2.5,0,6,9,17,3,7
116637,4.63,0,3,4,12,1,3
330216,2.78,0,3,9,26,1,6
568377,0.0,0,3,7,10,1,3
300854,4.54,0,6,8,12,1,6
60556,4.59,0,3,10,47,2,8
339337,4.21,0,3,11,22,2,5
121618,3.68,0,3,10,13,1,6
561936,3.27,0,2,4,10,1,5
162194,3.51,0,3,19,21,2,5
437705,6.41,0,7,5,13,3,5
560722,2.87,0,12,2,10,2,6
40250,3.7,0,3,15,16,2,5
290207,4.56,0,3,13,52,2,10
387007,4.87,0,11,7,11,1,5
333161,3.51,0,3,10,6,1,4
130990,4.79,0,3,8,14,3,6
45313,3.72,0,7,7,12,1,5
264364,5.74,0,3,9,21,4,5
381609,4.53,0,3,5,9,1,4
377445,2.82,0,3,8,15,2,5
187314,4.98,0,3,6,22,2,6
292015,2.89,0,3,11,18,2,6
226781,0.0,0,3,10,10,1,4
106015,0.0,1,3,8,81,4,15
324995,4.65,0,3,5,7,1,4
285460,4.75,0,10,4,17,2,6
156760,4.63,0,10,3,15,2,7
443635,2.9,0,3,13,10,2,4
601556,3.02,0,2,9,19,2,5
15282,2.69,0,16,7,9,3,7
105615,4.26,0,3,16,4,2,4
563464,0.0,0,3,7,14,1,4
374584,4.63,0,8,3,24,3,8
2443,4.6,0,13,6,8,2,5
576819,3.57,0,2,7,7,2,3
457850,4.73,0,3,9,26,2,5
581557,0.0,0,10,8,20,2,5
50507,4.55,0,3,10,11,1,4
196788,4.9,0,6,2,26,4,9
370328,3.46,0,3,11,9,2,4
119251,2.6,0,5,5,5,2,4
449428,5.09,0,10,2,7,2,6
367551,2.52,0,3,6,16,1,4
136378,3.13,0,3,10,11,2,5
368047,2.65,0,5,3,14,3,5
213724,2.8,0,3,10,21,2,5
440712,4.71,0,3,5,19,2,4
62112,4.78,0,3,11,2,1,3
436927,4.57,0,3,9,15,2,5
562973,0.0,0,16,7,0,0,3
573486,2.48,0,7,7,13,2,6
421529,10.0,1,3,7,78,7,18
141878,3.21,0,5,7,9,1,4
166661,4.65,0,11,4,21,3,6
3070,5.25,0,6,8,12,2,4
20532,3.56,0,6,7,9,1,4
187507,5.73,0,3,13,14,3,5
177587,5.55,0,3,8,46,4,6
84574,4.61,0,3,15,25,3,6
168839,4.7,0,9,3,21,4,7
146454,5.64,0,3,8,12,2,4
126864,5.19,0,7,6,29,1,7
575391,0.0,0,2,11,29,3,6
389078,4.1,0,3,12,13,1,5
152134,4.78,0,3,9,17,3,5
336100,2.99,0,3,11,16,2,5
278620,5.04,0,3,8,11,3,4
495421,4.78,0,3,3,34,3,7
304582,4.55,0,8,6,7,2,4
327328,4.66,0,3,6,17,3,5
594665,2.49,0,6,4,7,2,5
388389,5.48,0,7,5,30,3,10
227718,1.8,0,3,9,9,2,4
320347,3.11,0,3,8,30,4,6
572027,0.44,0,3,5,12,2,5
445974,4.23,0,10,8,5,2,4
415523,3.74,0,3,10,20,1,4
121707,5.1,0,11,7,13,3,5
332481,2.87,0,3,23,12,1,4
145139,4.62,0,3,11,14,3,5
64706,5.59,0,7,4,25,5,8
191389,4.89,0,11,3,19,3,7
231056,4.2,0,3,6,34,3,7
573829,0.0,0,3,7,13,2,5
